customer_id,signup_date,segment,region
CUST-00001,2021-12-09,smb,East
CUST-00002,2024-03-13,smb,Central
CUST-00003,2022-02-01,consumer,South
CUST-00004,2019-04-21,consumer,South
CUST-00005,2020-01-27,consumer,South
CUST-00006,2021-08-31,smb,West
CUST-00007,2020-12-08,consumer,South
CUST-00008,2021-12-06,consumer,West
CUST-00009,2023-03-23,smb,West
CUST-00010,2022-06-16,consumer,East
CUST-00011,2024-05-07,enterprise,North
CUST-00012,2021-08-07,consumer,North
CUST-00013,2020-03-27,enterprise,South
CUST-00014,2022-12-02,consumer,South
CUST-00015,2019-09-14,consumer,South
CUST-00016,2021-08-11,smb,Central
CUST-00017,2021-11-17,smb,South
CUST-00018,2022-03-20,consumer,Central
CUST-00019,2022-08-09,smb,East
CUST-00020,2022-03-27,consumer,North
CUST-00021,2020-02-14,consumer,Central
CUST-00022,2020-08-03,consumer,West
CUST-00023,2022-05-29,consumer,North
CUST-00024,2019-06-06,consumer,East
CUST-00025,2020-05-15,consumer,East
CUST-00026,2019-07-10,consumer,South
CUST-00027,2021-11-23,smb,Central
CUST-00028,2022-06-26,consumer,West
CUST-00029,2019-09-09,smb,Central
CUST-00030,2019-07-10,consumer,East
CUST-00031,2021-01-28,smb,North
CUST-00032,2024-10-27,smb,Central
CUST-00033,2020-07-22,smb,South
CUST-00034,2022-05-15,consumer,East
CUST-00035,2020-03-12,consumer,Central
CUST-00036,2024-04-04,consumer,Central
CUST-00037,2024-08-22,enterprise,Central
CUST-00038,2021-08-08,smb,Central
CUST-00039,2020-04-03,consumer,Central
CUST-00040,2024-02-28,consumer,East
CUST-00041,2022-08-07,consumer,North
CUST-00042,2020-01-03,consumer,East
CUST-00043,2019-07-29,consumer,East
CUST-00044,2022-07-21,enterprise,South
CUST-00045,2022-11-27,consumer,North
CUST-00046,2023-12-05,consumer,West
CUST-00047,2023-11-27,consumer,West
CUST-00048,2020-09-03,consumer,East
CUST-00049,2022-01-12,smb,West
CUST-00050,2020-07-22,consumer,North
CUST-00051,2024-12-11,smb,North
CUST-00052,2022-02-08,consumer,East
CUST-00053,2019-01-27,smb,North
CUST-00054,2023-05-16,smb,East
CUST-00055,2022-06-18,consumer,South
CUST-00056,2024-04-09,consumer,North
CUST-00057,2024-04-25,consumer,North
CUST-00058,2021-05-06,consumer,West
CUST-00059,2021-09-17,smb,Central
CUST-00060,2019-07-20,consumer,East
CUST-00061,2024-10-27,consumer,East
CUST-00062,2019-02-03,consumer,East
CUST-00063,2023-11-19,smb,North
CUST-00064,2022-10-18,consumer,South
CUST-00065,2020-08-10,consumer,North
CUST-00066,2019-03-20,smb,East
CUST-00067,2020-11-04,consumer,West
CUST-00068,2023-05-09,consumer,East
CUST-00069,2024-02-09,consumer,West
CUST-00070,2019-12-28,smb,East
CUST-00071,2024-02-18,smb,East
CUST-00072,2021-06-27,smb,South
CUST-00073,2019-01-22,consumer,North
CUST-00074,2019-11-24,smb,Central
CUST-00075,2022-01-07,enterprise,South
CUST-00076,2023-08-11,consumer,East
CUST-00077,2024-06-23,consumer,South
CUST-00078,2021-10-18,consumer,West
CUST-00079,2023-06-17,smb,South
CUST-00080,2024-12-29,consumer,East
CUST-00081,2021-02-07,enterprise,West
CUST-00082,2020-08-22,consumer,South
CUST-00083,2019-07-14,consumer,North
CUST-00084,2023-02-14,consumer,East
CUST-00085,2020-01-12,consumer,South
CUST-00086,2019-01-12,smb,South
CUST-00087,2024-07-06,consumer,North
CUST-00088,2022-03-17,consumer,West
CUST-00089,2022-08-31,consumer,East
CUST-00090,2022-05-16,consumer,South
CUST-00091,2024-09-07,smb,North
CUST-00092,2020-10-17,consumer,North
CUST-00093,2021-01-03,consumer,South
CUST-00094,2024-08-04,consumer,Central
CUST-00095,2024-08-16,consumer,West
CUST-00096,2024-11-11,consumer,East
CUST-00097,2020-01-17,consumer,Central
CUST-00098,2021-11-08,smb,East
CUST-00099,2022-03-03,consumer,North
CUST-00100,2020-04-20,consumer,Central
CUST-00101,2022-08-22,smb,Central
CUST-00102,2019-12-24,consumer,West
CUST-00103,2019-01-12,consumer,East
CUST-00104,2023-10-12,enterprise,East
CUST-00105,2024-07-22,smb,East
CUST-00106,2021-04-20,enterprise,North
CUST-00107,2019-06-20,smb,South
CUST-00108,2023-08-10,consumer,South
CUST-00109,2021-06-10,consumer,Central
CUST-00110,2021-02-04,consumer,Central
CUST-00111,2021-08-22,enterprise,East
CUST-00112,2021-07-20,smb,East
CUST-00113,2020-05-17,consumer,North
CUST-00114,2019-06-19,smb,North
CUST-00115,2020-04-26,consumer,West
CUST-00116,2023-03-18,consumer,East
CUST-00117,2020-09-17,smb,Central
CUST-00118,2021-05-19,consumer,South
CUST-00119,2019-08-06,consumer,West
CUST-00120,2024-11-24,consumer,West
CUST-00121,2022-12-21,consumer,East
CUST-00122,2019-11-11,consumer,North
CUST-00123,2023-06-29,consumer,West
CUST-00124,2021-07-01,smb,Central
CUST-00125,2024-01-19,smb,South
CUST-00126,2023-03-08,consumer,South
CUST-00127,2022-07-19,smb,South
CUST-00128,2019-07-29,consumer,South
CUST-00129,2022-12-10,smb,East
CUST-00130,2024-10-25,smb,West
CUST-00131,2023-11-21,enterprise,Central
CUST-00132,2019-10-06,consumer,South
CUST-00133,2021-09-12,consumer,West
CUST-00134,2019-09-14,enterprise,Central
CUST-00135,2024-06-30,consumer,Central
CUST-00136,2021-04-02,consumer,South
CUST-00137,2023-02-06,smb,North
CUST-00138,2023-05-14,consumer,West
CUST-00139,2021-12-04,consumer,West
CUST-00140,2023-01-20,enterprise,South
CUST-00141,2023-05-01,smb,East
CUST-00142,2022-11-24,consumer,West
CUST-00143,2024-06-07,consumer,Central
CUST-00144,2022-03-20,smb,Central
CUST-00145,2021-06-13,consumer,Central
CUST-00146,2021-05-15,consumer,North
CUST-00147,2019-09-13,consumer,Central
CUST-00148,2019-05-11,enterprise,Central
CUST-00149,2021-07-09,consumer,East
CUST-00150,2024-04-19,consumer,North
CUST-00151,2021-02-21,consumer,East
CUST-00152,2020-07-19,consumer,Central
CUST-00153,2023-10-31,consumer,East
CUST-00154,2023-04-22,enterprise,Central
CUST-00155,2019-06-24,consumer,East
CUST-00156,2019-02-25,consumer,West
CUST-00157,2021-03-10,enterprise,North
CUST-00158,2019-08-11,consumer,East
CUST-00159,2022-08-02,consumer,South
CUST-00160,2022-03-22,consumer,East
CUST-00161,2020-10-08,smb,South
CUST-00162,2021-03-07,consumer,North
CUST-00163,2023-11-28,consumer,Central
CUST-00164,2019-12-07,consumer,Central
CUST-00165,2022-09-01,consumer,Central
CUST-00166,2023-02-23,enterprise,South
CUST-00167,2020-09-12,consumer,West
CUST-00168,2019-07-09,smb,South
CUST-00169,2023-05-19,consumer,South
CUST-00170,2024-08-10,consumer,West
CUST-00171,2023-02-24,consumer,North
CUST-00172,2022-09-14,consumer,South
CUST-00173,2023-03-17,consumer,East
CUST-00174,2022-07-30,consumer,South
CUST-00175,2020-01-19,smb,Central
CUST-00176,2021-02-04,smb,West
CUST-00177,2023-08-09,enterprise,West
CUST-00178,2022-10-20,smb,South
CUST-00179,2024-12-24,smb,South
CUST-00180,2024-01-03,consumer,Central
CUST-00181,2021-02-23,consumer,North
CUST-00182,2023-03-19,enterprise,West
CUST-00183,2023-12-15,consumer,South
CUST-00184,2024-08-25,smb,Central
CUST-00185,2024-12-14,consumer,North
CUST-00186,2022-01-08,consumer,East
CUST-00187,2020-12-18,consumer,South
CUST-00188,2019-10-04,enterprise,East
CUST-00189,2022-02-03,smb,South
CUST-00190,2022-01-30,consumer,Central
CUST-00191,2023-06-19,consumer,Central
CUST-00192,2021-02-27,consumer,Central
CUST-00193,2020-04-05,consumer,East
CUST-00194,2022-03-11,consumer,South
CUST-00195,2021-01-24,consumer,West
CUST-00196,2023-06-25,enterprise,East
CUST-00197,2023-04-17,consumer,East
CUST-00198,2020-10-06,smb,West
CUST-00199,2023-04-19,consumer,North
CUST-00200,2024-07-13,smb,East
CUST-00201,2021-03-21,smb,North
CUST-00202,2019-05-06,smb,North
CUST-00203,2022-08-28,consumer,North
CUST-00204,2020-12-28,consumer,East
CUST-00205,2021-04-15,consumer,Central
CUST-00206,2022-09-11,consumer,Central
CUST-00207,2020-12-30,consumer,West
CUST-00208,2020-10-10,consumer,Central
CUST-00209,2021-11-15,enterprise,Central
CUST-00210,2023-01-25,consumer,East
CUST-00211,2019-01-18,smb,North
CUST-00212,2023-02-22,consumer,Central
CUST-00213,2020-02-16,smb,East
CUST-00214,2020-05-26,smb,East
CUST-00215,2021-07-10,consumer,South
CUST-00216,2020-06-05,enterprise,Central
CUST-00217,2023-06-13,consumer,West
CUST-00218,2019-04-20,consumer,West
CUST-00219,2022-07-17,consumer,East
CUST-00220,2021-02-09,enterprise,East
CUST-00221,2019-09-04,consumer,North
CUST-00222,2023-03-22,smb,South
CUST-00223,2022-12-05,consumer,South
CUST-00224,2019-04-21,enterprise,East
CUST-00225,2023-01-30,consumer,North
CUST-00226,2021-06-26,consumer,East
CUST-00227,2021-09-20,consumer,West
CUST-00228,2022-10-24,consumer,West
CUST-00229,2019-10-11,consumer,North
CUST-00230,2021-01-04,consumer,East
CUST-00231,2019-06-17,smb,Central
CUST-00232,2019-01-31,consumer,North
CUST-00233,2023-11-29,consumer,North
CUST-00234,2020-10-25,consumer,Central
CUST-00235,2024-03-07,enterprise,Central
CUST-00236,2021-02-08,consumer,North
CUST-00237,2023-04-21,consumer,North
CUST-00238,2024-07-01,smb,Central
CUST-00239,2024-03-23,smb,Central
CUST-00240,2020-08-30,enterprise,North
CUST-00241,2021-07-06,smb,Central
CUST-00242,2020-01-22,consumer,East
CUST-00243,2024-11-04,consumer,North
CUST-00244,2023-03-16,consumer,West
CUST-00245,2024-07-06,consumer,South
CUST-00246,2019-04-12,consumer,Central
CUST-00247,2022-11-21,consumer,North
CUST-00248,2024-04-05,smb,West
CUST-00249,2020-03-29,smb,West
CUST-00250,2024-10-03,consumer,East
CUST-00251,2020-08-08,consumer,Central
CUST-00252,2024-05-04,consumer,East
CUST-00253,2019-11-28,consumer,West
CUST-00254,2021-10-14,consumer,Central
CUST-00255,2023-06-10,consumer,West
CUST-00256,2022-03-13,consumer,East
CUST-00257,2020-04-07,consumer,Central
CUST-00258,2020-05-23,consumer,Central
CUST-00259,2021-06-17,smb,South
CUST-00260,2020-12-18,smb,North
CUST-00261,2024-06-01,smb,West
CUST-00262,2019-07-01,smb,West
CUST-00263,2021-05-07,consumer,Central
CUST-00264,2022-12-20,consumer,South
CUST-00265,2021-08-05,enterprise,West
CUST-00266,2020-09-03,smb,South
CUST-00267,2019-05-12,smb,East
CUST-00268,2023-06-08,consumer,South
CUST-00269,2023-03-27,consumer,South
CUST-00270,2021-12-10,smb,West
CUST-00271,2019-07-05,consumer,Central
CUST-00272,2022-05-14,smb,West
CUST-00273,2023-07-09,consumer,South
CUST-00274,2022-05-25,consumer,East
CUST-00275,2023-10-05,smb,Central
CUST-00276,2022-12-08,consumer,East
CUST-00277,2021-07-22,consumer,North
CUST-00278,2019-02-28,smb,South
CUST-00279,2024-08-16,consumer,East
CUST-00280,2020-05-30,smb,South
CUST-00281,2019-12-06,enterprise,West
CUST-00282,2024-10-30,consumer,South
CUST-00283,2022-08-09,smb,East
CUST-00284,2022-01-23,smb,East
CUST-00285,2023-08-08,smb,East
CUST-00286,2020-05-29,consumer,West
CUST-00287,2021-03-12,smb,Central
CUST-00288,2020-05-17,smb,Central
CUST-00289,2021-07-03,consumer,South
CUST-00290,2019-08-06,consumer,East
CUST-00291,2022-07-28,consumer,Central
CUST-00292,2023-01-08,enterprise,South
CUST-00293,2021-12-01,smb,North
CUST-00294,2020-11-10,smb,South
CUST-00295,2020-03-07,consumer,East
CUST-00296,2024-09-28,consumer,Central
CUST-00297,2022-05-26,consumer,East
CUST-00298,2024-01-24,consumer,North
CUST-00299,2020-07-03,consumer,East
CUST-00300,2019-05-06,consumer,Central
CUST-00301,2022-10-24,enterprise,East
CUST-00302,2022-09-09,consumer,East
CUST-00303,2023-12-07,consumer,East
CUST-00304,2021-08-28,consumer,Central
CUST-00305,2019-04-12,consumer,North
CUST-00306,2022-02-04,smb,North
CUST-00307,2019-04-13,smb,Central
CUST-00308,2020-12-28,consumer,West
CUST-00309,2023-05-17,consumer,North
CUST-00310,2023-08-24,consumer,East
CUST-00311,2020-01-13,consumer,North
CUST-00312,2023-06-28,enterprise,Central
CUST-00313,2023-08-18,consumer,Central
CUST-00314,2020-02-22,consumer,East
CUST-00315,2020-11-29,enterprise,South
CUST-00316,2019-05-03,consumer,West
CUST-00317,2024-12-15,consumer,North
CUST-00318,2019-01-27,smb,West
CUST-00319,2024-12-07,smb,East
CUST-00320,2022-02-05,smb,South
CUST-00321,2020-08-05,enterprise,North
CUST-00322,2021-11-23,consumer,West
CUST-00323,2021-05-22,consumer,East
CUST-00324,2021-02-12,consumer,Central
CUST-00325,2020-07-17,consumer,West
CUST-00326,2023-05-09,smb,Central
CUST-00327,2022-12-25,consumer,West
CUST-00328,2024-11-11,consumer,South
CUST-00329,2021-12-29,consumer,East
CUST-00330,2022-10-01,smb,Central
CUST-00331,2020-02-05,consumer,South
CUST-00332,2019-12-04,enterprise,West
CUST-00333,2023-07-29,consumer,North
CUST-00334,2022-04-03,consumer,Central
CUST-00335,2021-03-31,consumer,North
CUST-00336,2020-09-29,consumer,North
CUST-00337,2024-11-21,consumer,West
CUST-00338,2021-08-16,consumer,North
CUST-00339,2019-10-14,consumer,South
CUST-00340,2021-06-29,smb,Central
CUST-00341,2023-09-05,consumer,North
CUST-00342,2020-08-18,smb,Central
CUST-00343,2023-12-29,consumer,West
CUST-00344,2022-08-28,consumer,North
CUST-00345,2023-06-27,smb,Central
CUST-00346,2023-07-21,smb,Central
CUST-00347,2020-01-04,consumer,South
CUST-00348,2019-06-23,consumer,West
CUST-00349,2019-02-25,consumer,East
CUST-00350,2019-02-09,smb,Central
CUST-00351,2024-07-20,smb,East
CUST-00352,2023-01-14,consumer,Central
CUST-00353,2022-01-11,smb,East
CUST-00354,2023-05-11,smb,North
CUST-00355,2024-05-30,smb,South
CUST-00356,2024-07-21,consumer,Central
CUST-00357,2019-08-17,consumer,South
CUST-00358,2021-12-24,consumer,South
CUST-00359,2020-02-11,smb,East
CUST-00360,2023-05-25,consumer,Central
CUST-00361,2020-01-18,consumer,North
CUST-00362,2020-09-04,enterprise,South
CUST-00363,2021-03-01,consumer,East
CUST-00364,2021-05-23,consumer,North
CUST-00365,2022-08-10,consumer,Central
CUST-00366,2024-01-29,consumer,Central
CUST-00367,2022-11-07,enterprise,South
CUST-00368,2021-04-07,consumer,South
CUST-00369,2023-09-14,consumer,South
CUST-00370,2021-04-24,consumer,Central
CUST-00371,2022-08-02,smb,East
CUST-00372,2022-03-09,enterprise,Central
CUST-00373,2024-11-04,consumer,South
CUST-00374,2019-08-30,consumer,South
CUST-00375,2023-01-16,smb,South
CUST-00376,2023-11-26,smb,West
CUST-00377,2022-09-05,consumer,Central
CUST-00378,2021-09-02,smb,West
CUST-00379,2021-07-15,smb,East
CUST-00380,2023-08-01,consumer,East
CUST-00381,2024-12-25,consumer,East
CUST-00382,2024-04-10,consumer,East
CUST-00383,2024-06-10,smb,West
CUST-00384,2020-01-06,smb,South
CUST-00385,2020-02-22,consumer,Central
CUST-00386,2023-03-05,smb,North
CUST-00387,2024-02-06,consumer,West
CUST-00388,2022-10-29,consumer,South
CUST-00389,2019-05-22,consumer,West
CUST-00390,2021-10-26,consumer,East
CUST-00391,2019-03-27,smb,North
CUST-00392,2024-12-06,consumer,Central
CUST-00393,2019-10-16,consumer,East
CUST-00394,2021-11-24,smb,South
CUST-00395,2024-06-03,smb,East
CUST-00396,2020-12-21,consumer,North
CUST-00397,2019-02-02,consumer,South
CUST-00398,2021-07-25,consumer,Central
CUST-00399,2019-09-18,consumer,East
CUST-00400,2021-05-16,consumer,South
CUST-00401,2022-06-15,consumer,Central
CUST-00402,2024-12-07,consumer,East
CUST-00403,2019-07-05,consumer,East
CUST-00404,2020-04-04,consumer,North
CUST-00405,2020-07-30,consumer,West
CUST-00406,2023-03-04,consumer,East
CUST-00407,2019-12-19,smb,East
CUST-00408,2019-09-17,consumer,West
CUST-00409,2024-01-23,consumer,South
CUST-00410,2019-05-11,smb,East
CUST-00411,2021-01-01,smb,West
CUST-00412,2021-08-24,consumer,Central
CUST-00413,2024-01-28,consumer,East
CUST-00414,2024-06-24,consumer,East
CUST-00415,2021-01-22,smb,West
CUST-00416,2023-11-16,enterprise,West
CUST-00417,2019-03-26,consumer,Central
CUST-00418,2021-12-10,smb,Central
CUST-00419,2022-08-28,consumer,West
CUST-00420,2022-03-15,consumer,South
CUST-00421,2022-08-02,consumer,North
CUST-00422,2024-02-25,consumer,South
CUST-00423,2023-06-04,smb,East
CUST-00424,2022-06-14,consumer,North
CUST-00425,2023-12-16,smb,East
CUST-00426,2020-04-19,smb,East
CUST-00427,2021-01-16,smb,North
CUST-00428,2021-08-01,consumer,Central
CUST-00429,2022-05-23,consumer,Central
CUST-00430,2022-09-04,consumer,North
CUST-00431,2021-01-06,consumer,South
CUST-00432,2022-06-11,smb,West
CUST-00433,2024-02-25,consumer,South
CUST-00434,2019-04-03,consumer,Central
CUST-00435,2022-01-18,consumer,West
CUST-00436,2022-09-29,consumer,East
CUST-00437,2019-09-29,consumer,South
CUST-00438,2023-03-16,consumer,Central
CUST-00439,2024-10-18,smb,Central
CUST-00440,2023-10-02,consumer,West
CUST-00441,2019-12-09,consumer,East
CUST-00442,2021-03-20,enterprise,North
CUST-00443,2022-03-24,consumer,Central
CUST-00444,2022-09-09,consumer,East
CUST-00445,2020-06-24,consumer,North
CUST-00446,2023-07-06,enterprise,North
CUST-00447,2022-03-16,consumer,East
CUST-00448,2020-06-13,smb,North
CUST-00449,2022-03-16,consumer,South
CUST-00450,2019-10-03,consumer,North
CUST-00451,2022-11-06,enterprise,Central
CUST-00452,2021-11-22,smb,South
CUST-00453,2022-06-29,smb,North
CUST-00454,2021-06-03,consumer,Central
CUST-00455,2024-08-04,smb,West
CUST-00456,2020-02-10,consumer,West
CUST-00457,2020-10-17,consumer,North
CUST-00458,2020-09-04,smb,West
CUST-00459,2019-11-25,smb,West
CUST-00460,2020-09-06,smb,South
CUST-00461,2020-06-13,consumer,North
CUST-00462,2023-07-24,consumer,West
CUST-00463,2019-03-31,enterprise,South
CUST-00464,2024-01-02,smb,West
CUST-00465,2024-02-18,consumer,East
CUST-00466,2020-10-12,consumer,South
CUST-00467,2022-06-19,smb,Central
CUST-00468,2024-02-24,consumer,East
CUST-00469,2022-02-27,smb,West
CUST-00470,2020-04-04,consumer,South
CUST-00471,2023-11-04,smb,South
CUST-00472,2020-11-21,consumer,North
CUST-00473,2019-04-04,consumer,South
CUST-00474,2020-05-09,consumer,West
CUST-00475,2023-09-19,smb,West
CUST-00476,2022-06-12,consumer,South
CUST-00477,2021-06-24,consumer,South
CUST-00478,2024-02-03,consumer,East
CUST-00479,2019-06-20,consumer,West
CUST-00480,2024-07-03,consumer,East
CUST-00481,2024-03-02,consumer,East
CUST-00482,2021-12-21,smb,North
CUST-00483,2023-05-17,smb,East
CUST-00484,2020-07-06,consumer,South
CUST-00485,2024-06-16,smb,East
CUST-00486,2024-05-19,enterprise,North
CUST-00487,2024-01-25,consumer,South
CUST-00488,2021-08-26,consumer,Central
CUST-00489,2024-04-20,smb,South
CUST-00490,2019-05-06,consumer,East
CUST-00491,2019-08-15,consumer,South
CUST-00492,2024-04-06,smb,East
CUST-00493,2019-09-06,consumer,South
CUST-00494,2022-05-20,consumer,South
CUST-00495,2024-07-29,consumer,South
CUST-00496,2022-03-16,enterprise,East
CUST-00497,2019-05-23,consumer,North
CUST-00498,2023-02-14,consumer,Central
CUST-00499,2020-04-01,consumer,West
CUST-00500,2022-02-21,consumer,Central
CUST-00501,2021-02-12,smb,North
CUST-00502,2022-11-19,consumer,West
CUST-00503,2022-11-28,smb,West
CUST-00504,2019-08-18,smb,East
CUST-00505,2019-07-04,consumer,East
CUST-00506,2019-07-29,consumer,Central
CUST-00507,2019-11-27,enterprise,East
CUST-00508,2022-09-14,consumer,East
CUST-00509,2019-03-25,consumer,West
CUST-00510,2021-02-24,consumer,West
CUST-00511,2020-01-30,smb,West
CUST-00512,2020-12-31,consumer,Central
CUST-00513,2022-09-18,smb,East
CUST-00514,2022-05-11,smb,East
CUST-00515,2023-04-12,consumer,North
CUST-00516,2021-11-10,consumer,East
CUST-00517,2024-03-28,smb,North
CUST-00518,2022-11-17,consumer,North
CUST-00519,2020-06-13,consumer,West
CUST-00520,2021-10-29,smb,South
CUST-00521,2022-12-21,consumer,North
CUST-00522,2019-10-22,smb,West
CUST-00523,2022-05-08,smb,East
CUST-00524,2022-07-24,consumer,Central
CUST-00525,2021-10-03,consumer,East
CUST-00526,2020-08-05,consumer,North
CUST-00527,2021-01-16,consumer,Central
CUST-00528,2021-09-03,smb,South
CUST-00529,2020-01-24,consumer,East
CUST-00530,2024-09-18,enterprise,West
CUST-00531,2022-03-23,consumer,Central
CUST-00532,2023-02-03,consumer,South
CUST-00533,2023-05-02,consumer,South
CUST-00534,2022-07-22,smb,West
CUST-00535,2019-11-04,enterprise,Central
CUST-00536,2023-06-29,consumer,North
CUST-00537,2020-12-31,enterprise,East
CUST-00538,2022-05-08,smb,Central
CUST-00539,2020-01-17,consumer,South
CUST-00540,2023-05-18,consumer,South
CUST-00541,2021-03-31,smb,North
CUST-00542,2020-02-14,consumer,West
CUST-00543,2020-05-09,consumer,Central
CUST-00544,2020-10-04,consumer,North
CUST-00545,2021-03-30,smb,West
CUST-00546,2021-08-09,consumer,South
CUST-00547,2023-12-09,consumer,Central
CUST-00548,2024-01-19,enterprise,East
CUST-00549,2023-12-24,enterprise,West
CUST-00550,2020-03-29,consumer,West
CUST-00551,2023-05-06,consumer,West
CUST-00552,2022-02-21,smb,West
CUST-00553,2021-05-17,smb,South
CUST-00554,2021-06-23,consumer,Central
CUST-00555,2023-01-05,consumer,West
CUST-00556,2024-09-22,smb,North
CUST-00557,2022-09-24,smb,North
CUST-00558,2021-07-19,smb,Central
CUST-00559,2019-12-28,consumer,Central
CUST-00560,2020-03-28,consumer,North
CUST-00561,2022-03-08,smb,South
CUST-00562,2019-03-05,consumer,North
CUST-00563,2022-05-17,smb,North
CUST-00564,2021-10-08,smb,Central
CUST-00565,2020-04-15,smb,North
CUST-00566,2019-11-10,consumer,Central
CUST-00567,2022-05-18,smb,North
CUST-00568,2021-06-13,consumer,East
CUST-00569,2023-09-23,consumer,North
CUST-00570,2022-10-16,consumer,West
CUST-00571,2019-09-14,enterprise,North
CUST-00572,2021-07-29,consumer,East
CUST-00573,2022-11-24,consumer,East
CUST-00574,2021-07-30,consumer,North
CUST-00575,2019-03-05,consumer,West
CUST-00576,2023-07-10,smb,West
CUST-00577,2023-08-05,consumer,East
CUST-00578,2022-12-29,enterprise,North
CUST-00579,2019-09-30,consumer,West
CUST-00580,2020-02-09,smb,North
CUST-00581,2019-08-29,enterprise,Central
CUST-00582,2020-12-05,consumer,West
CUST-00583,2020-05-02,consumer,West
CUST-00584,2019-08-03,smb,North
CUST-00585,2019-02-28,consumer,South
CUST-00586,2022-10-01,smb,North
CUST-00587,2024-03-12,smb,West
CUST-00588,2021-10-13,consumer,Central
CUST-00589,2023-01-03,consumer,South
CUST-00590,2021-04-15,consumer,South
CUST-00591,2022-12-01,consumer,South
CUST-00592,2023-09-24,consumer,Central
CUST-00593,2022-12-10,smb,East
CUST-00594,2022-05-18,consumer,Central
CUST-00595,2024-02-06,enterprise,Central
CUST-00596,2019-12-30,consumer,North
CUST-00597,2024-11-22,consumer,South
CUST-00598,2024-09-28,consumer,Central
CUST-00599,2024-04-02,consumer,West
CUST-00600,2023-09-13,consumer,North
CUST-00601,2023-03-18,consumer,East
CUST-00602,2020-01-05,enterprise,Central
CUST-00603,2021-09-12,enterprise,South
CUST-00604,2021-09-18,consumer,East
CUST-00605,2020-12-29,smb,East
CUST-00606,2020-09-03,consumer,South
CUST-00607,2020-03-30,consumer,South
CUST-00608,2024-02-06,smb,East
CUST-00609,2019-12-01,consumer,Central
CUST-00610,2024-01-16,consumer,South
CUST-00611,2020-12-04,smb,North
CUST-00612,2024-02-29,consumer,West
CUST-00613,2021-03-14,smb,North
CUST-00614,2020-05-19,smb,North
CUST-00615,2020-08-13,consumer,South
CUST-00616,2024-12-06,consumer,Central
CUST-00617,2021-03-18,consumer,East
CUST-00618,2020-11-16,smb,Central
CUST-00619,2023-04-17,smb,East
CUST-00620,2022-08-29,consumer,Central
CUST-00621,2023-04-29,consumer,Central
CUST-00622,2024-02-26,consumer,South
CUST-00623,2019-07-13,consumer,North
CUST-00624,2023-06-03,smb,South
CUST-00625,2024-10-03,smb,Central
CUST-00626,2020-06-19,smb,West
CUST-00627,2021-04-26,consumer,North
CUST-00628,2019-03-29,consumer,West
CUST-00629,2020-05-11,enterprise,South
CUST-00630,2022-01-27,enterprise,Central
CUST-00631,2020-07-27,smb,West
CUST-00632,2021-06-20,consumer,West
CUST-00633,2023-07-03,consumer,West
CUST-00634,2022-11-06,consumer,East
CUST-00635,2020-05-04,consumer,East
CUST-00636,2020-07-15,consumer,North
CUST-00637,2023-02-13,consumer,West
CUST-00638,2020-08-02,consumer,North
CUST-00639,2021-04-26,consumer,North
CUST-00640,2021-06-02,consumer,East
CUST-00641,2021-11-25,consumer,West
CUST-00642,2022-04-16,consumer,West
CUST-00643,2022-01-20,enterprise,North
CUST-00644,2023-04-20,consumer,West
CUST-00645,2022-03-03,consumer,South
CUST-00646,2019-03-16,consumer,East
CUST-00647,2024-03-13,smb,Central
CUST-00648,2022-06-19,smb,Central
CUST-00649,2020-03-22,consumer,Central
CUST-00650,2020-10-25,consumer,North
CUST-00651,2019-11-06,smb,East
CUST-00652,2020-08-11,consumer,West
CUST-00653,2024-04-02,smb,Central
CUST-00654,2024-05-01,consumer,Central
CUST-00655,2019-10-30,consumer,South
CUST-00656,2019-07-23,consumer,North
CUST-00657,2019-05-28,smb,Central
CUST-00658,2021-04-24,consumer,East
CUST-00659,2020-10-19,smb,South
CUST-00660,2023-06-17,consumer,South
CUST-00661,2023-02-04,consumer,West
CUST-00662,2020-04-11,smb,North
CUST-00663,2021-08-28,consumer,North
CUST-00664,2023-01-28,enterprise,North
CUST-00665,2022-08-07,consumer,South
CUST-00666,2021-06-03,consumer,East
CUST-00667,2021-07-03,consumer,North
CUST-00668,2022-01-15,enterprise,Central
CUST-00669,2019-08-09,smb,West
CUST-00670,2022-08-10,smb,South
CUST-00671,2019-01-17,smb,South
CUST-00672,2023-05-08,consumer,East
CUST-00673,2024-09-18,consumer,South
CUST-00674,2021-04-07,consumer,East
CUST-00675,2019-04-11,smb,East
CUST-00676,2024-10-24,smb,South
CUST-00677,2022-06-17,smb,Central
CUST-00678,2022-12-01,consumer,South
CUST-00679,2023-01-02,enterprise,West
CUST-00680,2024-10-07,consumer,North
CUST-00681,2019-06-06,smb,South
CUST-00682,2021-01-09,consumer,East
CUST-00683,2021-06-28,smb,North
CUST-00684,2020-08-14,smb,North
CUST-00685,2023-08-01,enterprise,East
CUST-00686,2024-10-16,consumer,East
CUST-00687,2023-08-05,smb,Central
CUST-00688,2022-10-10,enterprise,North
CUST-00689,2022-05-12,enterprise,South
CUST-00690,2019-05-24,consumer,North
CUST-00691,2022-11-10,enterprise,North
CUST-00692,2022-02-27,smb,West
CUST-00693,2019-07-26,smb,South
CUST-00694,2021-01-21,consumer,South
CUST-00695,2019-06-29,consumer,East
CUST-00696,2023-05-02,consumer,South
CUST-00697,2024-05-24,enterprise,West
CUST-00698,2022-12-07,consumer,East
CUST-00699,2022-11-04,consumer,Central
CUST-00700,2020-07-04,smb,West
CUST-00701,2024-09-12,consumer,Central
CUST-00702,2022-05-05,consumer,East
CUST-00703,2022-09-01,smb,South
CUST-00704,2019-07-20,consumer,East
CUST-00705,2024-09-10,consumer,Central
CUST-00706,2024-07-10,enterprise,North
CUST-00707,2020-09-27,consumer,West
CUST-00708,2020-02-26,consumer,West
CUST-00709,2019-05-17,consumer,West
CUST-00710,2020-05-28,consumer,West
CUST-00711,2024-11-27,consumer,West
CUST-00712,2022-05-16,consumer,Central
CUST-00713,2024-05-15,enterprise,North
CUST-00714,2023-01-16,smb,East
CUST-00715,2023-12-10,consumer,West
CUST-00716,2021-07-13,consumer,East
CUST-00717,2019-02-06,enterprise,South
CUST-00718,2022-02-11,consumer,West
CUST-00719,2022-12-08,enterprise,North
CUST-00720,2020-01-09,enterprise,Central
CUST-00721,2022-02-26,smb,West
CUST-00722,2024-04-08,smb,South
CUST-00723,2021-12-21,smb,West
CUST-00724,2024-11-21,consumer,South
CUST-00725,2022-01-19,consumer,North
CUST-00726,2020-02-24,consumer,East
CUST-00727,2019-02-14,consumer,West
CUST-00728,2020-01-07,enterprise,South
CUST-00729,2022-07-18,enterprise,North
CUST-00730,2022-03-31,smb,West
CUST-00731,2021-06-18,enterprise,South
CUST-00732,2024-02-16,consumer,East
CUST-00733,2020-05-16,smb,South
CUST-00734,2020-10-28,consumer,West
CUST-00735,2022-06-09,consumer,Central
CUST-00736,2023-04-27,smb,Central
CUST-00737,2021-10-22,consumer,Central
CUST-00738,2020-11-08,smb,East
CUST-00739,2023-06-15,enterprise,Central
CUST-00740,2021-09-23,consumer,West
CUST-00741,2020-03-24,smb,North
CUST-00742,2024-05-01,enterprise,Central
CUST-00743,2020-07-20,smb,East
CUST-00744,2021-01-18,consumer,South
CUST-00745,2021-10-06,consumer,West
CUST-00746,2022-12-08,consumer,North
CUST-00747,2023-06-12,consumer,East
CUST-00748,2023-06-16,consumer,East
CUST-00749,2021-11-29,enterprise,South
CUST-00750,2024-11-15,consumer,Central
CUST-00751,2021-05-30,consumer,North
CUST-00752,2024-04-09,consumer,East
CUST-00753,2019-12-15,smb,North
CUST-00754,2023-11-28,consumer,East
CUST-00755,2022-08-17,enterprise,East
CUST-00756,2019-04-06,smb,South
CUST-00757,2020-01-31,consumer,West
CUST-00758,2019-09-07,enterprise,South
CUST-00759,2024-09-29,consumer,Central
CUST-00760,2019-01-20,consumer,East
CUST-00761,2019-04-01,consumer,North
CUST-00762,2020-06-17,consumer,South
CUST-00763,2024-02-20,enterprise,North
CUST-00764,2021-05-30,consumer,East
CUST-00765,2019-11-15,consumer,South
CUST-00766,2021-11-10,consumer,East
CUST-00767,2021-01-13,consumer,North
CUST-00768,2022-07-02,consumer,West
CUST-00769,2021-07-28,smb,Central
CUST-00770,2021-08-18,enterprise,West
CUST-00771,2023-06-28,consumer,West
CUST-00772,2019-03-15,consumer,South
CUST-00773,2022-12-11,consumer,West
CUST-00774,2021-08-20,consumer,East
CUST-00775,2019-10-24,consumer,West
CUST-00776,2021-08-17,consumer,North
CUST-00777,2023-05-03,consumer,East
CUST-00778,2022-09-17,consumer,South
CUST-00779,2020-10-26,smb,South
CUST-00780,2021-05-01,smb,East
CUST-00781,2023-02-25,consumer,East
CUST-00782,2019-12-04,consumer,West
CUST-00783,2023-08-03,consumer,East
CUST-00784,2019-04-25,consumer,Central
CUST-00785,2019-06-17,consumer,West
CUST-00786,2019-02-01,consumer,West
CUST-00787,2023-02-28,consumer,West
CUST-00788,2024-08-07,consumer,West
CUST-00789,2024-05-16,consumer,Central
CUST-00790,2024-05-11,smb,West
CUST-00791,2020-08-11,consumer,East
CUST-00792,2020-12-18,smb,North
CUST-00793,2019-12-16,consumer,Central
CUST-00794,2022-10-23,smb,South
CUST-00795,2020-10-21,enterprise,West
CUST-00796,2020-12-20,enterprise,North
CUST-00797,2021-01-18,smb,South
CUST-00798,2023-03-28,consumer,Central
CUST-00799,2019-06-10,consumer,West
CUST-00800,2020-12-24,enterprise,Central
CUST-00801,2020-10-04,consumer,Central
CUST-00802,2022-11-11,consumer,West
CUST-00803,2022-08-11,smb,East
CUST-00804,2019-05-02,consumer,North
CUST-00805,2024-12-13,smb,West
CUST-00806,2023-05-23,consumer,South
CUST-00807,2022-12-15,smb,Central
CUST-00808,2021-09-07,smb,South
CUST-00809,2024-02-18,consumer,Central
CUST-00810,2019-04-18,consumer,East
CUST-00811,2022-12-28,smb,Central
CUST-00812,2023-01-02,consumer,South
CUST-00813,2019-06-28,smb,Central
CUST-00814,2022-03-04,smb,East
CUST-00815,2021-01-29,consumer,North
CUST-00816,2022-04-15,enterprise,South
CUST-00817,2022-01-08,consumer,North
CUST-00818,2024-08-22,consumer,Central
CUST-00819,2022-07-31,enterprise,Central
CUST-00820,2021-09-28,consumer,North
CUST-00821,2019-11-12,smb,Central
CUST-00822,2020-11-28,consumer,Central
CUST-00823,2021-11-15,consumer,West
CUST-00824,2019-10-10,consumer,North
CUST-00825,2023-04-10,consumer,Central
CUST-00826,2023-08-15,consumer,West
CUST-00827,2023-10-12,consumer,North
CUST-00828,2021-11-10,smb,West
CUST-00829,2021-06-05,consumer,East
CUST-00830,2021-06-12,consumer,West
CUST-00831,2024-09-16,enterprise,West
CUST-00832,2019-02-20,consumer,East
CUST-00833,2022-12-19,smb,East
CUST-00834,2021-10-27,consumer,South
CUST-00835,2024-06-09,smb,South
CUST-00836,2023-05-28,consumer,North
CUST-00837,2020-11-21,consumer,North
CUST-00838,2022-02-25,consumer,East
CUST-00839,2022-04-18,consumer,South
CUST-00840,2022-01-12,consumer,North
CUST-00841,2021-01-23,consumer,South
CUST-00842,2021-08-18,smb,Central
CUST-00843,2021-08-23,consumer,North
CUST-00844,2022-04-05,consumer,North
CUST-00845,2024-09-12,consumer,South
CUST-00846,2022-10-13,consumer,South
CUST-00847,2020-05-03,consumer,North
CUST-00848,2020-02-04,smb,West
CUST-00849,2021-07-18,smb,South
CUST-00850,2023-04-13,smb,Central
CUST-00851,2022-07-04,consumer,North
CUST-00852,2019-01-03,consumer,South
CUST-00853,2020-12-04,consumer,East
CUST-00854,2019-07-05,smb,West
CUST-00855,2023-09-06,consumer,South
CUST-00856,2023-04-15,consumer,South
CUST-00857,2021-04-15,consumer,North
CUST-00858,2023-09-02,smb,East
CUST-00859,2022-02-04,consumer,West
CUST-00860,2019-10-27,consumer,South
CUST-00861,2023-02-22,smb,Central
CUST-00862,2022-05-01,consumer,Central
CUST-00863,2019-01-08,consumer,North
CUST-00864,2021-12-11,consumer,Central
CUST-00865,2019-05-26,consumer,East
CUST-00866,2022-08-18,enterprise,North
CUST-00867,2022-01-19,enterprise,North
CUST-00868,2021-08-09,smb,West
CUST-00869,2020-09-21,smb,North
CUST-00870,2022-02-09,consumer,South
CUST-00871,2024-01-26,consumer,Central
CUST-00872,2023-07-20,consumer,South
CUST-00873,2020-04-17,consumer,South
CUST-00874,2021-06-03,smb,East
CUST-00875,2024-05-25,consumer,Central
CUST-00876,2023-10-14,smb,East
CUST-00877,2023-03-13,consumer,South
CUST-00878,2020-01-03,smb,North
CUST-00879,2020-06-22,consumer,West
CUST-00880,2019-12-15,consumer,Central
CUST-00881,2021-07-01,consumer,North
CUST-00882,2023-02-09,enterprise,East
CUST-00883,2019-03-20,smb,Central
CUST-00884,2019-11-09,enterprise,East
CUST-00885,2022-04-20,smb,West
CUST-00886,2024-12-30,smb,South
CUST-00887,2022-11-03,smb,East
CUST-00888,2021-08-06,consumer,North
CUST-00889,2024-12-25,consumer,West
CUST-00890,2020-05-20,consumer,East
CUST-00891,2019-09-08,smb,East
CUST-00892,2021-03-03,consumer,East
CUST-00893,2022-05-08,smb,East
CUST-00894,2022-10-09,consumer,Central
CUST-00895,2020-02-17,consumer,South
CUST-00896,2019-11-28,smb,West
CUST-00897,2024-07-08,smb,South
CUST-00898,2020-01-23,smb,Central
CUST-00899,2019-05-07,smb,East
CUST-00900,2023-10-24,smb,North
CUST-00901,2020-07-07,smb,West
CUST-00902,2022-09-12,smb,East
CUST-00903,2020-04-25,smb,West
CUST-00904,2022-04-07,enterprise,Central
CUST-00905,2021-10-10,consumer,South
CUST-00906,2023-08-22,consumer,East
CUST-00907,2024-12-08,smb,West
CUST-00908,2023-10-21,consumer,Central
CUST-00909,2019-10-24,consumer,South
CUST-00910,2022-01-21,consumer,East
CUST-00911,2021-07-22,consumer,North
CUST-00912,2023-12-23,smb,West
CUST-00913,2020-12-16,consumer,West
CUST-00914,2024-11-09,consumer,South
CUST-00915,2022-12-22,consumer,East
CUST-00916,2024-07-26,enterprise,South
CUST-00917,2020-12-13,consumer,West
CUST-00918,2024-04-09,enterprise,South
CUST-00919,2021-08-26,consumer,East
CUST-00920,2023-02-12,consumer,Central
CUST-00921,2022-03-28,consumer,North
CUST-00922,2024-05-28,consumer,North
CUST-00923,2023-02-05,consumer,West
CUST-00924,2019-01-21,enterprise,West
CUST-00925,2023-06-12,smb,West
CUST-00926,2023-04-17,consumer,North
CUST-00927,2021-04-29,smb,East
CUST-00928,2021-09-03,smb,South
CUST-00929,2023-06-02,consumer,East
CUST-00930,2022-10-25,enterprise,Central
CUST-00931,2020-03-16,smb,Central
CUST-00932,2022-03-22,smb,Central
CUST-00933,2021-02-02,smb,North
CUST-00934,2022-11-10,consumer,Central
CUST-00935,2021-08-21,consumer,East
CUST-00936,2021-12-27,smb,South
CUST-00937,2023-01-20,consumer,East
CUST-00938,2024-05-25,smb,South
CUST-00939,2022-03-27,consumer,West
CUST-00940,2023-07-18,enterprise,Central
CUST-00941,2021-11-28,consumer,East
CUST-00942,2023-11-15,smb,West
CUST-00943,2021-08-05,smb,South
CUST-00944,2020-07-08,consumer,North
CUST-00945,2020-05-05,enterprise,Central
CUST-00946,2019-06-28,smb,West
CUST-00947,2024-07-25,consumer,Central
CUST-00948,2023-01-12,smb,East
CUST-00949,2023-03-16,enterprise,West
CUST-00950,2020-02-23,consumer,South
CUST-00951,2020-02-23,smb,East
CUST-00952,2023-12-04,consumer,South
CUST-00953,2022-07-31,consumer,Central
CUST-00954,2024-11-18,enterprise,South
CUST-00955,2024-03-04,enterprise,Central
CUST-00956,2021-06-08,consumer,West
CUST-00957,2022-10-31,consumer,Central
CUST-00958,2023-05-03,enterprise,North
CUST-00959,2019-11-07,consumer,South
CUST-00960,2022-03-15,smb,North
CUST-00961,2019-02-21,consumer,South
CUST-00962,2023-09-19,consumer,East
CUST-00963,2022-02-17,smb,South
CUST-00964,2020-05-15,smb,East
CUST-00965,2021-11-18,smb,East
CUST-00966,2024-01-02,consumer,North
CUST-00967,2020-06-30,consumer,East
CUST-00968,2024-11-03,consumer,Central
CUST-00969,2023-06-23,smb,Central
CUST-00970,2023-10-21,smb,Central
CUST-00971,2020-06-07,consumer,Central
CUST-00972,2020-10-11,smb,South
CUST-00973,2019-09-02,consumer,South
CUST-00974,2023-06-14,smb,East
CUST-00975,2022-12-16,consumer,West
CUST-00976,2024-01-18,enterprise,West
CUST-00977,2022-08-22,consumer,West
CUST-00978,2022-08-18,smb,Central
CUST-00979,2024-09-07,smb,South
CUST-00980,2023-07-11,consumer,East
CUST-00981,2019-08-24,smb,Central
CUST-00982,2020-06-14,consumer,West
CUST-00983,2020-06-09,consumer,East
CUST-00984,2021-12-12,consumer,North
CUST-00985,2022-02-13,enterprise,North
CUST-00986,2022-04-01,smb,East
CUST-00987,2019-07-27,consumer,West
CUST-00988,2019-05-21,consumer,Central
CUST-00989,2024-06-08,consumer,West
CUST-00990,2024-02-27,smb,Central
CUST-00991,2023-12-12,consumer,East
CUST-00992,2024-10-30,smb,North
CUST-00993,2019-12-17,consumer,South
CUST-00994,2020-09-26,consumer,North
CUST-00995,2024-06-25,consumer,Central
CUST-00996,2021-06-01,consumer,North
CUST-00997,2024-02-07,smb,West
CUST-00998,2023-08-23,consumer,South
CUST-00999,2021-02-10,consumer,West
CUST-01000,2023-05-08,consumer,North
CUST-01001,2023-10-24,smb,North
CUST-01002,2021-07-20,consumer,East
CUST-01003,2022-05-24,enterprise,Central
CUST-01004,2021-03-21,smb,Central
CUST-01005,2020-08-06,consumer,South
CUST-01006,2019-02-20,consumer,North
CUST-01007,2019-11-26,consumer,Central
CUST-01008,2022-03-13,consumer,East
CUST-01009,2019-06-24,consumer,South
CUST-01010,2021-01-28,consumer,Central
CUST-01011,2021-07-11,smb,Central
CUST-01012,2020-11-02,smb,West
CUST-01013,2022-06-28,consumer,South
CUST-01014,2024-10-11,smb,East
CUST-01015,2022-08-06,consumer,Central
CUST-01016,2022-05-04,enterprise,West
CUST-01017,2024-01-31,consumer,North
CUST-01018,2021-10-22,smb,North
CUST-01019,2023-11-18,smb,North
CUST-01020,2022-04-03,enterprise,Central
CUST-01021,2023-01-03,consumer,West
CUST-01022,2021-05-05,smb,South
CUST-01023,2019-03-09,consumer,South
CUST-01024,2021-01-25,consumer,North
CUST-01025,2019-01-16,enterprise,North
CUST-01026,2023-08-30,consumer,South
CUST-01027,2019-11-28,consumer,North
CUST-01028,2023-08-27,enterprise,South
CUST-01029,2020-12-12,smb,West
CUST-01030,2024-07-16,smb,North
CUST-01031,2023-02-09,consumer,Central
CUST-01032,2022-06-08,consumer,Central
CUST-01033,2020-01-13,consumer,West
CUST-01034,2019-09-28,consumer,South
CUST-01035,2022-08-28,consumer,South
CUST-01036,2023-09-28,consumer,South
CUST-01037,2023-07-29,enterprise,East
CUST-01038,2023-03-31,consumer,North
CUST-01039,2024-09-27,enterprise,East
CUST-01040,2020-08-11,smb,West
CUST-01041,2019-07-14,smb,North
CUST-01042,2019-07-27,consumer,West
CUST-01043,2019-11-01,consumer,North
CUST-01044,2020-06-17,consumer,Central
CUST-01045,2023-12-31,enterprise,South
CUST-01046,2023-01-28,consumer,South
CUST-01047,2019-12-15,consumer,Central
CUST-01048,2023-01-06,consumer,West
CUST-01049,2023-07-17,smb,South
CUST-01050,2021-05-22,enterprise,Central
CUST-01051,2021-04-17,smb,North
CUST-01052,2024-01-23,smb,North
CUST-01053,2024-07-02,smb,North
CUST-01054,2023-09-04,smb,South
CUST-01055,2020-12-05,consumer,East
CUST-01056,2020-02-13,consumer,East
CUST-01057,2022-02-20,smb,North
CUST-01058,2019-01-16,smb,East
CUST-01059,2019-07-16,consumer,South
CUST-01060,2022-07-20,enterprise,North
CUST-01061,2020-11-22,consumer,Central
CUST-01062,2021-05-22,enterprise,West
CUST-01063,2019-04-22,consumer,North
CUST-01064,2024-02-24,consumer,West
CUST-01065,2021-03-09,enterprise,Central
CUST-01066,2020-03-05,consumer,East
CUST-01067,2020-04-07,consumer,South
CUST-01068,2019-05-19,consumer,Central
CUST-01069,2020-04-27,smb,South
CUST-01070,2023-05-04,consumer,West
CUST-01071,2023-11-09,consumer,South
CUST-01072,2024-02-03,consumer,North
CUST-01073,2024-06-02,consumer,East
CUST-01074,2023-01-23,consumer,Central
CUST-01075,2020-12-06,consumer,North
CUST-01076,2023-02-08,smb,South
CUST-01077,2023-05-21,consumer,Central
CUST-01078,2019-06-21,enterprise,West
CUST-01079,2023-10-13,consumer,West
CUST-01080,2022-09-12,consumer,Central
CUST-01081,2022-06-13,consumer,South
CUST-01082,2019-04-18,smb,West
CUST-01083,2020-06-09,consumer,West
CUST-01084,2022-09-30,enterprise,Central
CUST-01085,2024-01-14,consumer,Central
CUST-01086,2023-07-16,consumer,West
CUST-01087,2023-08-16,consumer,East
CUST-01088,2023-10-29,smb,East
CUST-01089,2023-09-09,consumer,North
CUST-01090,2019-04-17,consumer,South
CUST-01091,2022-12-03,consumer,West
CUST-01092,2019-07-05,smb,Central
CUST-01093,2024-05-25,consumer,West
CUST-01094,2021-09-12,consumer,Central
CUST-01095,2021-01-05,consumer,Central
CUST-01096,2020-07-17,smb,Central
CUST-01097,2022-09-15,consumer,North
CUST-01098,2019-09-15,smb,West
CUST-01099,2024-10-03,consumer,East
CUST-01100,2020-07-07,smb,East
CUST-01101,2019-07-20,smb,Central
CUST-01102,2024-07-08,consumer,South
CUST-01103,2022-06-28,consumer,Central
CUST-01104,2021-12-05,smb,North
CUST-01105,2021-06-10,consumer,Central
CUST-01106,2023-09-22,smb,Central
CUST-01107,2023-02-02,consumer,South
CUST-01108,2024-09-29,consumer,South
CUST-01109,2020-11-21,smb,East
CUST-01110,2020-11-24,consumer,Central
CUST-01111,2022-09-01,smb,West
CUST-01112,2024-01-25,consumer,East
CUST-01113,2019-06-08,consumer,East
CUST-01114,2020-11-19,consumer,East
CUST-01115,2024-07-21,consumer,West
CUST-01116,2022-09-03,consumer,West
CUST-01117,2024-10-05,smb,West
CUST-01118,2019-01-02,consumer,Central
CUST-01119,2023-01-04,smb,East
CUST-01120,2021-01-22,consumer,East
CUST-01121,2019-06-22,smb,South
CUST-01122,2019-01-14,enterprise,North
CUST-01123,2022-05-21,smb,North
CUST-01124,2023-02-24,consumer,North
CUST-01125,2020-02-05,enterprise,Central
CUST-01126,2024-12-28,consumer,North
CUST-01127,2021-08-16,consumer,North
CUST-01128,2022-08-08,consumer,North
CUST-01129,2019-07-09,consumer,East
CUST-01130,2023-07-06,consumer,North
CUST-01131,2020-06-04,consumer,East
CUST-01132,2024-06-19,consumer,South
CUST-01133,2020-11-12,enterprise,East
CUST-01134,2023-03-27,consumer,North
CUST-01135,2019-08-31,consumer,East
CUST-01136,2024-02-26,smb,North
CUST-01137,2020-03-22,consumer,Central
CUST-01138,2019-03-09,consumer,South
CUST-01139,2022-02-24,consumer,East
CUST-01140,2024-08-21,consumer,North
CUST-01141,2023-11-12,consumer,North
CUST-01142,2019-11-26,consumer,Central
CUST-01143,2019-10-08,enterprise,Central
CUST-01144,2019-09-25,consumer,East
CUST-01145,2021-11-01,smb,Central
CUST-01146,2020-09-22,consumer,Central
CUST-01147,2022-12-29,consumer,North
CUST-01148,2022-08-23,smb,North
CUST-01149,2019-12-15,smb,South
CUST-01150,2023-02-17,consumer,West
CUST-01151,2023-09-25,smb,West
CUST-01152,2020-11-16,enterprise,South
CUST-01153,2023-10-08,consumer,South
CUST-01154,2019-11-20,consumer,West
CUST-01155,2024-06-17,consumer,South
CUST-01156,2022-12-08,consumer,South
CUST-01157,2023-01-14,smb,North
CUST-01158,2019-10-13,consumer,East
CUST-01159,2020-06-09,consumer,North
CUST-01160,2020-04-04,consumer,South
CUST-01161,2023-09-20,consumer,Central
CUST-01162,2023-12-13,consumer,East
CUST-01163,2021-01-24,smb,Central
CUST-01164,2020-05-01,smb,South
CUST-01165,2021-02-14,consumer,North
CUST-01166,2021-08-27,consumer,Central
CUST-01167,2023-02-09,consumer,Central
CUST-01168,2023-09-10,smb,East
CUST-01169,2021-11-23,consumer,North
CUST-01170,2020-08-31,consumer,North
CUST-01171,2021-09-25,consumer,South
CUST-01172,2021-01-14,consumer,West
CUST-01173,2022-10-25,consumer,Central
CUST-01174,2020-03-20,consumer,West
CUST-01175,2021-03-27,consumer,East
CUST-01176,2020-11-22,consumer,North
CUST-01177,2020-11-05,consumer,Central
CUST-01178,2021-01-21,smb,South
CUST-01179,2022-11-30,enterprise,West
CUST-01180,2023-12-07,consumer,East
CUST-01181,2019-02-07,consumer,West
CUST-01182,2020-08-17,consumer,Central
CUST-01183,2020-03-24,consumer,East
CUST-01184,2022-11-24,smb,East
CUST-01185,2020-02-21,smb,North
CUST-01186,2022-12-25,consumer,West
CUST-01187,2020-09-09,smb,South
CUST-01188,2023-04-03,consumer,Central
CUST-01189,2020-08-08,consumer,East
CUST-01190,2020-03-19,enterprise,North
CUST-01191,2020-02-07,consumer,North
CUST-01192,2024-03-15,consumer,East
CUST-01193,2020-03-03,smb,East
CUST-01194,2023-01-10,consumer,East
CUST-01195,2019-01-24,consumer,Central
CUST-01196,2020-07-04,consumer,West
CUST-01197,2022-09-18,consumer,North
CUST-01198,2023-08-07,smb,North
CUST-01199,2020-02-25,consumer,East
CUST-01200,2019-07-04,smb,Central
CUST-01201,2023-03-04,consumer,East
CUST-01202,2020-03-24,consumer,West
CUST-01203,2020-09-07,consumer,South
CUST-01204,2020-04-13,consumer,Central
CUST-01205,2020-10-07,consumer,West
CUST-01206,2023-12-27,consumer,East
CUST-01207,2021-03-13,smb,West
CUST-01208,2022-05-16,smb,West
CUST-01209,2023-01-29,smb,East
CUST-01210,2023-08-17,consumer,Central
CUST-01211,2019-05-31,smb,South
CUST-01212,2024-08-22,consumer,North
CUST-01213,2023-04-11,consumer,Central
CUST-01214,2019-08-11,smb,North
CUST-01215,2023-11-08,enterprise,Central
CUST-01216,2024-04-20,consumer,South
CUST-01217,2020-06-27,smb,Central
CUST-01218,2023-01-29,consumer,East
CUST-01219,2023-05-23,consumer,East
CUST-01220,2023-09-03,smb,East
CUST-01221,2019-08-19,consumer,Central
CUST-01222,2024-11-05,smb,North
CUST-01223,2019-01-14,consumer,Central
CUST-01224,2019-03-21,smb,West
CUST-01225,2023-08-29,smb,East
CUST-01226,2019-11-15,smb,East
CUST-01227,2019-08-30,enterprise,North
CUST-01228,2019-09-25,consumer,West
CUST-01229,2024-07-12,consumer,West
CUST-01230,2019-05-29,enterprise,North
CUST-01231,2021-10-14,smb,West
CUST-01232,2024-08-13,consumer,North
CUST-01233,2021-12-18,consumer,South
CUST-01234,2021-08-16,consumer,South
CUST-01235,2021-01-14,consumer,South
CUST-01236,2023-09-16,smb,West
CUST-01237,2021-06-06,consumer,West
CUST-01238,2019-06-22,smb,South
CUST-01239,2021-10-29,consumer,North
CUST-01240,2020-04-23,smb,Central
CUST-01241,2024-04-18,enterprise,East
CUST-01242,2020-09-27,consumer,North
CUST-01243,2020-05-03,consumer,South
CUST-01244,2019-12-24,consumer,East
CUST-01245,2020-11-19,smb,Central
CUST-01246,2021-08-14,enterprise,West
CUST-01247,2022-04-25,consumer,East
CUST-01248,2024-10-23,consumer,East
CUST-01249,2022-09-01,smb,North
CUST-01250,2021-04-29,consumer,West
CUST-01251,2024-08-02,consumer,West
CUST-01252,2024-11-12,consumer,South
CUST-01253,2023-11-26,smb,South
CUST-01254,2021-03-16,consumer,East
CUST-01255,2021-01-19,smb,West
CUST-01256,2019-03-15,smb,North
CUST-01257,2019-08-29,consumer,North
CUST-01258,2024-07-23,consumer,West
CUST-01259,2020-04-11,smb,East
CUST-01260,2024-10-30,enterprise,Central
CUST-01261,2024-11-06,consumer,East
CUST-01262,2019-07-24,consumer,Central
CUST-01263,2021-01-11,consumer,East
CUST-01264,2023-03-06,smb,Central
CUST-01265,2021-06-11,consumer,West
CUST-01266,2022-03-01,consumer,East
CUST-01267,2020-11-22,smb,East
CUST-01268,2022-07-06,consumer,South
CUST-01269,2023-04-07,smb,South
CUST-01270,2021-05-01,consumer,North
CUST-01271,2022-08-19,consumer,East
CUST-01272,2022-08-08,enterprise,West
CUST-01273,2022-10-26,smb,West
CUST-01274,2021-02-15,smb,North
CUST-01275,2024-07-16,smb,South
CUST-01276,2020-10-03,enterprise,South
CUST-01277,2024-09-29,smb,Central
CUST-01278,2022-12-01,consumer,North
CUST-01279,2019-02-16,smb,Central
CUST-01280,2019-03-25,consumer,West
CUST-01281,2021-01-16,consumer,North
CUST-01282,2023-03-23,smb,West
CUST-01283,2019-12-10,smb,West
CUST-01284,2020-05-21,consumer,North
CUST-01285,2024-08-17,consumer,West
CUST-01286,2019-02-27,consumer,West
CUST-01287,2020-10-01,enterprise,North
CUST-01288,2023-02-10,enterprise,South
CUST-01289,2024-08-23,smb,West
CUST-01290,2024-12-14,consumer,East
CUST-01291,2024-06-16,smb,Central
CUST-01292,2024-10-14,consumer,Central
CUST-01293,2019-04-12,smb,North
CUST-01294,2020-05-22,consumer,North
CUST-01295,2023-04-02,consumer,East
CUST-01296,2020-01-02,consumer,North
CUST-01297,2022-09-06,smb,West
CUST-01298,2023-07-31,smb,East
CUST-01299,2021-10-18,smb,West
CUST-01300,2020-05-27,enterprise,East
CUST-01301,2024-08-21,consumer,South
CUST-01302,2022-11-14,smb,South
CUST-01303,2019-06-24,smb,North
CUST-01304,2019-02-28,smb,Central
CUST-01305,2021-10-28,smb,Central
CUST-01306,2021-05-27,smb,West
CUST-01307,2019-08-02,consumer,Central
CUST-01308,2023-05-30,consumer,Central
CUST-01309,2022-05-12,consumer,West
CUST-01310,2021-04-26,consumer,North
CUST-01311,2021-10-16,smb,East
CUST-01312,2021-10-12,enterprise,South
CUST-01313,2019-05-23,smb,South
CUST-01314,2023-01-26,consumer,North
CUST-01315,2020-08-27,smb,North
CUST-01316,2020-05-04,consumer,East
CUST-01317,2023-01-26,consumer,Central
CUST-01318,2022-03-20,smb,South
CUST-01319,2024-01-09,smb,North
CUST-01320,2020-09-21,consumer,South
CUST-01321,2024-01-13,consumer,East
CUST-01322,2019-12-14,smb,East
CUST-01323,2024-08-12,smb,North
CUST-01324,2020-07-03,consumer,West
CUST-01325,2021-06-21,consumer,South
CUST-01326,2024-05-27,consumer,North
CUST-01327,2024-08-28,consumer,Central
CUST-01328,2023-12-14,consumer,North
CUST-01329,2021-03-17,consumer,West
CUST-01330,2021-08-05,consumer,North
CUST-01331,2024-08-28,consumer,West
CUST-01332,2020-07-17,consumer,South
CUST-01333,2020-03-20,consumer,Central
CUST-01334,2020-09-22,consumer,East
CUST-01335,2024-03-23,smb,North
CUST-01336,2021-03-05,smb,South
CUST-01337,2024-09-30,consumer,East
CUST-01338,2024-10-27,smb,East
CUST-01339,2019-10-14,consumer,West
CUST-01340,2022-02-10,consumer,South
CUST-01341,2021-02-03,enterprise,Central
CUST-01342,2022-10-20,consumer,South
CUST-01343,2023-06-16,smb,North
CUST-01344,2020-08-15,consumer,East
CUST-01345,2020-06-29,consumer,West
CUST-01346,2023-01-27,consumer,North
CUST-01347,2023-07-01,consumer,East
CUST-01348,2021-10-10,smb,South
CUST-01349,2020-09-20,smb,North
CUST-01350,2022-11-25,consumer,South
CUST-01351,2021-10-15,consumer,West
CUST-01352,2024-11-13,consumer,North
CUST-01353,2024-08-24,consumer,South
CUST-01354,2022-05-15,consumer,Central
CUST-01355,2023-09-24,smb,West
CUST-01356,2024-08-30,enterprise,North
CUST-01357,2020-10-29,consumer,West
CUST-01358,2023-05-24,consumer,East
CUST-01359,2021-01-24,consumer,South
CUST-01360,2024-10-15,smb,South
CUST-01361,2021-04-15,smb,Central
CUST-01362,2024-09-12,smb,Central
CUST-01363,2020-04-15,smb,South
CUST-01364,2022-07-17,smb,South
CUST-01365,2024-03-28,consumer,West
CUST-01366,2023-02-13,smb,East
CUST-01367,2022-02-21,consumer,North
CUST-01368,2024-05-10,enterprise,South
CUST-01369,2020-04-13,consumer,North
CUST-01370,2021-03-06,consumer,North
CUST-01371,2019-03-11,consumer,South
CUST-01372,2022-03-28,consumer,North
CUST-01373,2023-07-24,consumer,South
CUST-01374,2021-05-07,smb,Central
CUST-01375,2020-08-24,consumer,South
CUST-01376,2019-06-18,smb,East
CUST-01377,2020-09-21,smb,South
CUST-01378,2020-02-29,consumer,East
CUST-01379,2020-12-27,consumer,South
CUST-01380,2021-11-27,consumer,Central
CUST-01381,2024-06-21,consumer,Central
CUST-01382,2020-01-19,consumer,East
CUST-01383,2020-11-21,smb,South
CUST-01384,2023-03-06,smb,East
CUST-01385,2020-05-21,smb,South
CUST-01386,2020-09-18,smb,Central
CUST-01387,2024-07-10,consumer,South
CUST-01388,2024-10-03,consumer,Central
CUST-01389,2020-01-18,smb,North
CUST-01390,2023-12-23,consumer,South
CUST-01391,2024-06-19,consumer,North
CUST-01392,2019-03-16,consumer,South
CUST-01393,2020-09-04,enterprise,North
CUST-01394,2022-02-25,consumer,East
CUST-01395,2020-04-15,smb,East
CUST-01396,2023-02-16,smb,North
CUST-01397,2020-09-10,smb,South
CUST-01398,2024-11-03,consumer,North
CUST-01399,2020-10-23,smb,South
CUST-01400,2020-04-17,enterprise,West
CUST-01401,2024-05-12,consumer,Central
CUST-01402,2020-03-11,consumer,South
CUST-01403,2023-06-08,smb,West
CUST-01404,2022-08-24,smb,North
CUST-01405,2024-01-12,consumer,West
CUST-01406,2023-09-18,consumer,East
CUST-01407,2022-09-15,consumer,North
CUST-01408,2019-12-19,consumer,South
CUST-01409,2024-03-03,consumer,North
CUST-01410,2024-07-13,consumer,West
CUST-01411,2020-05-19,consumer,North
CUST-01412,2019-04-10,smb,North
CUST-01413,2022-05-19,consumer,East
CUST-01414,2024-08-31,consumer,East
CUST-01415,2020-07-08,consumer,Central
CUST-01416,2022-06-22,consumer,South
CUST-01417,2024-10-18,smb,Central
CUST-01418,2020-04-12,smb,Central
CUST-01419,2022-01-19,consumer,North
CUST-01420,2019-08-17,enterprise,Central
CUST-01421,2021-10-13,smb,West
CUST-01422,2024-01-22,consumer,South
CUST-01423,2022-04-24,consumer,East
CUST-01424,2020-02-10,consumer,East
CUST-01425,2024-07-29,smb,North
CUST-01426,2024-07-27,consumer,Central
CUST-01427,2020-07-15,consumer,South
CUST-01428,2021-02-18,consumer,Central
CUST-01429,2019-10-31,smb,Central
CUST-01430,2023-12-29,smb,South
CUST-01431,2022-09-02,smb,North
CUST-01432,2023-03-05,consumer,North
CUST-01433,2019-12-30,consumer,East
CUST-01434,2021-12-28,enterprise,South
CUST-01435,2023-02-14,smb,West
CUST-01436,2020-02-11,smb,East
CUST-01437,2023-01-18,consumer,North
CUST-01438,2024-11-12,consumer,Central
CUST-01439,2019-08-17,smb,West
CUST-01440,2020-09-07,consumer,North
CUST-01441,2023-02-25,smb,Central
CUST-01442,2021-02-16,smb,East
CUST-01443,2019-02-13,smb,East
CUST-01444,2021-07-04,consumer,Central
CUST-01445,2024-02-28,consumer,West
CUST-01446,2024-05-19,consumer,West
CUST-01447,2022-08-06,smb,South
CUST-01448,2021-10-20,consumer,South
CUST-01449,2022-01-02,consumer,Central
CUST-01450,2022-04-12,consumer,East
CUST-01451,2021-10-04,consumer,West
CUST-01452,2021-09-24,consumer,Central
CUST-01453,2020-11-17,consumer,South
CUST-01454,2021-02-25,consumer,Central
CUST-01455,2021-11-20,smb,West
CUST-01456,2024-01-02,consumer,Central
CUST-01457,2022-01-16,consumer,West
CUST-01458,2022-05-30,enterprise,West
CUST-01459,2022-04-20,consumer,West
CUST-01460,2022-03-24,enterprise,Central
CUST-01461,2020-10-13,smb,South
CUST-01462,2024-03-31,consumer,East
CUST-01463,2024-05-30,enterprise,Central
CUST-01464,2021-02-13,smb,South
CUST-01465,2022-08-24,consumer,South
CUST-01466,2022-07-11,consumer,East
CUST-01467,2019-11-22,consumer,West
CUST-01468,2024-03-16,smb,Central
CUST-01469,2023-11-22,consumer,Central
CUST-01470,2024-05-21,consumer,West
CUST-01471,2021-08-07,consumer,North
CUST-01472,2023-03-23,consumer,South
CUST-01473,2023-07-29,consumer,North
CUST-01474,2023-04-14,smb,West
CUST-01475,2021-03-17,smb,South
CUST-01476,2020-04-07,smb,South
CUST-01477,2019-01-15,smb,South
CUST-01478,2024-07-27,consumer,South
CUST-01479,2024-09-13,consumer,Central
CUST-01480,2022-07-17,smb,North
CUST-01481,2023-08-24,consumer,South
CUST-01482,2021-03-04,consumer,North
CUST-01483,2019-01-12,enterprise,East
CUST-01484,2020-09-19,consumer,West
CUST-01485,2022-09-09,consumer,North
CUST-01486,2019-07-18,consumer,North
CUST-01487,2020-07-21,consumer,South
CUST-01488,2023-02-08,consumer,West
CUST-01489,2023-04-17,enterprise,South
CUST-01490,2023-09-15,consumer,Central
CUST-01491,2023-01-03,smb,East
CUST-01492,2021-03-31,consumer,Central
CUST-01493,2022-03-19,smb,West
CUST-01494,2022-06-02,consumer,North
CUST-01495,2024-03-08,smb,West
CUST-01496,2023-11-08,consumer,North
CUST-01497,2020-12-07,consumer,West
CUST-01498,2019-07-14,smb,North
CUST-01499,2019-10-07,smb,North
CUST-01500,2021-11-30,enterprise,North
CUST-01501,2021-05-01,consumer,South
CUST-01502,2024-02-13,consumer,South
CUST-01503,2019-09-27,consumer,Central
CUST-01504,2022-05-05,consumer,West
CUST-01505,2024-04-25,consumer,South
CUST-01506,2022-12-26,consumer,West
CUST-01507,2022-02-02,consumer,Central
CUST-01508,2024-09-26,consumer,East
CUST-01509,2020-03-18,consumer,Central
CUST-01510,2022-11-17,smb,Central
CUST-01511,2019-12-26,consumer,West
CUST-01512,2019-07-18,consumer,West
CUST-01513,2019-12-14,consumer,North
CUST-01514,2020-12-17,smb,South
CUST-01515,2021-06-16,consumer,West
CUST-01516,2023-10-28,consumer,West
CUST-01517,2024-03-02,consumer,Central
CUST-01518,2020-01-07,consumer,North
CUST-01519,2022-11-22,smb,Central
CUST-01520,2022-06-12,consumer,West
CUST-01521,2019-12-27,consumer,Central
CUST-01522,2021-02-21,consumer,Central
CUST-01523,2021-10-09,consumer,North
CUST-01524,2024-12-20,smb,Central
CUST-01525,2023-11-23,smb,Central
CUST-01526,2024-07-22,consumer,West
CUST-01527,2024-02-27,consumer,Central
CUST-01528,2020-08-26,consumer,East
CUST-01529,2020-10-10,smb,West
CUST-01530,2020-04-03,consumer,West
CUST-01531,2024-09-29,enterprise,East
CUST-01532,2019-07-21,smb,West
CUST-01533,2022-05-07,consumer,Central
CUST-01534,2020-08-17,enterprise,Central
CUST-01535,2019-09-07,consumer,Central
CUST-01536,2024-09-11,smb,East
CUST-01537,2022-04-08,enterprise,Central
CUST-01538,2022-10-29,consumer,South
CUST-01539,2020-01-05,smb,East
CUST-01540,2023-07-20,consumer,South
CUST-01541,2022-02-25,consumer,Central
CUST-01542,2022-05-31,enterprise,Central
CUST-01543,2023-04-23,consumer,Central
CUST-01544,2021-06-12,enterprise,Central
CUST-01545,2021-06-14,enterprise,East
CUST-01546,2019-10-01,consumer,South
CUST-01547,2023-11-26,smb,West
CUST-01548,2024-09-28,smb,West
CUST-01549,2022-11-25,consumer,North
CUST-01550,2020-04-04,consumer,East
CUST-01551,2024-05-12,consumer,West
CUST-01552,2021-06-05,smb,West
CUST-01553,2019-05-01,consumer,North
CUST-01554,2024-02-02,consumer,North
CUST-01555,2022-09-29,consumer,South
CUST-01556,2019-07-19,smb,East
CUST-01557,2024-01-02,enterprise,Central
CUST-01558,2023-08-09,consumer,East
CUST-01559,2022-10-16,consumer,West
CUST-01560,2023-07-31,smb,West
CUST-01561,2023-02-17,enterprise,West
CUST-01562,2021-12-08,consumer,West
CUST-01563,2024-07-04,enterprise,South
CUST-01564,2021-12-19,smb,Central
CUST-01565,2023-03-22,consumer,South
CUST-01566,2024-08-22,consumer,North
CUST-01567,2022-01-26,consumer,South
CUST-01568,2022-07-06,consumer,South
CUST-01569,2022-02-18,smb,Central
CUST-01570,2020-12-23,consumer,South
CUST-01571,2019-09-09,consumer,North
CUST-01572,2023-07-16,smb,East
CUST-01573,2023-08-29,consumer,South
CUST-01574,2019-12-27,consumer,Central
CUST-01575,2022-03-16,smb,North
CUST-01576,2022-04-10,consumer,North
CUST-01577,2024-05-16,consumer,Central
CUST-01578,2020-12-11,consumer,South
CUST-01579,2024-11-01,consumer,West
CUST-01580,2019-02-12,smb,West
CUST-01581,2019-08-02,smb,North
CUST-01582,2020-07-05,consumer,East
CUST-01583,2019-07-21,smb,North
CUST-01584,2023-12-11,smb,East
CUST-01585,2023-08-09,consumer,Central
CUST-01586,2024-03-13,smb,North
CUST-01587,2023-05-06,consumer,North
CUST-01588,2023-06-27,consumer,East
CUST-01589,2022-07-21,smb,West
CUST-01590,2024-04-26,consumer,West
CUST-01591,2022-09-29,smb,Central
CUST-01592,2021-03-08,consumer,West
CUST-01593,2021-01-10,consumer,South
CUST-01594,2020-07-27,consumer,West
CUST-01595,2019-01-12,consumer,East
CUST-01596,2022-01-05,enterprise,North
CUST-01597,2021-07-18,consumer,East
CUST-01598,2020-07-11,smb,West
CUST-01599,2020-07-27,smb,South
CUST-01600,2021-05-08,enterprise,Central
CUST-01601,2023-07-31,consumer,South
CUST-01602,2022-04-20,enterprise,South
CUST-01603,2019-09-12,smb,North
CUST-01604,2019-12-08,enterprise,North
CUST-01605,2020-10-30,smb,Central
CUST-01606,2021-01-22,consumer,North
CUST-01607,2022-06-13,smb,North
CUST-01608,2022-11-03,consumer,Central
CUST-01609,2024-11-12,enterprise,South
CUST-01610,2019-08-22,consumer,East
CUST-01611,2024-04-03,consumer,West
CUST-01612,2021-11-19,consumer,North
CUST-01613,2021-10-07,consumer,West
CUST-01614,2021-03-26,enterprise,South
CUST-01615,2024-09-07,smb,North
CUST-01616,2021-09-11,consumer,South
CUST-01617,2023-11-29,consumer,Central
CUST-01618,2021-10-29,consumer,West
CUST-01619,2020-05-10,consumer,South
CUST-01620,2024-03-07,smb,South
CUST-01621,2020-04-23,enterprise,South
CUST-01622,2021-04-26,smb,West
CUST-01623,2022-09-23,smb,East
CUST-01624,2021-08-22,consumer,North
CUST-01625,2023-07-02,consumer,East
CUST-01626,2019-07-18,enterprise,West
CUST-01627,2024-09-22,smb,Central
CUST-01628,2020-03-29,consumer,West
CUST-01629,2019-03-30,smb,North
CUST-01630,2020-01-08,consumer,North
CUST-01631,2020-07-19,smb,West
CUST-01632,2024-08-08,consumer,South
CUST-01633,2024-06-24,consumer,Central
CUST-01634,2020-05-13,consumer,West
CUST-01635,2021-08-26,smb,West
CUST-01636,2022-04-05,consumer,East
CUST-01637,2019-07-10,consumer,West
CUST-01638,2024-07-26,smb,West
CUST-01639,2021-05-02,consumer,Central
CUST-01640,2024-08-15,consumer,Central
CUST-01641,2022-02-19,consumer,West
CUST-01642,2019-03-12,consumer,West
CUST-01643,2023-03-28,consumer,West
CUST-01644,2024-02-10,smb,Central
CUST-01645,2022-11-09,smb,North
CUST-01646,2024-11-09,consumer,East
CUST-01647,2024-03-09,consumer,East
CUST-01648,2020-09-12,enterprise,South
CUST-01649,2020-03-15,enterprise,West
CUST-01650,2019-04-30,enterprise,Central
CUST-01651,2021-12-03,enterprise,North
CUST-01652,2020-05-20,consumer,East
CUST-01653,2021-10-19,consumer,West
CUST-01654,2024-01-24,consumer,East
CUST-01655,2020-03-02,enterprise,North
CUST-01656,2024-11-14,consumer,North
CUST-01657,2019-11-22,consumer,West
CUST-01658,2021-02-05,smb,Central
CUST-01659,2022-11-16,consumer,West
CUST-01660,2023-06-05,enterprise,North
CUST-01661,2020-10-12,smb,Central
CUST-01662,2022-11-11,enterprise,West
CUST-01663,2021-04-24,consumer,East
CUST-01664,2022-03-06,consumer,East
CUST-01665,2024-11-26,smb,East
CUST-01666,2019-03-25,consumer,North
CUST-01667,2022-07-20,consumer,East
CUST-01668,2020-12-27,smb,North
CUST-01669,2020-08-16,consumer,North
CUST-01670,2020-11-28,smb,Central
CUST-01671,2023-05-29,consumer,North
CUST-01672,2023-10-29,consumer,Central
CUST-01673,2024-04-09,consumer,West
CUST-01674,2022-03-05,smb,West
CUST-01675,2022-02-21,consumer,East
CUST-01676,2023-04-10,smb,South
CUST-01677,2019-11-07,smb,North
CUST-01678,2024-03-19,smb,West
CUST-01679,2024-07-12,enterprise,Central
CUST-01680,2022-06-01,consumer,North
CUST-01681,2020-03-06,consumer,North
CUST-01682,2021-08-14,consumer,North
CUST-01683,2024-02-16,consumer,East
CUST-01684,2023-05-16,consumer,East
CUST-01685,2020-12-18,consumer,North
CUST-01686,2024-12-13,smb,South
CUST-01687,2019-10-25,enterprise,North
CUST-01688,2024-09-30,consumer,West
CUST-01689,2020-10-21,consumer,South
CUST-01690,2020-02-21,consumer,Central
CUST-01691,2023-05-05,smb,West
CUST-01692,2023-11-07,smb,South
CUST-01693,2020-06-28,consumer,East
CUST-01694,2024-01-02,smb,Central
CUST-01695,2022-11-22,consumer,North
CUST-01696,2019-09-11,smb,South
CUST-01697,2023-01-01,consumer,Central
CUST-01698,2022-12-05,consumer,East
CUST-01699,2020-10-13,smb,North
CUST-01700,2019-12-25,consumer,South
CUST-01701,2024-11-14,consumer,South
CUST-01702,2022-01-08,consumer,South
CUST-01703,2020-12-01,enterprise,East
CUST-01704,2020-10-11,consumer,North
CUST-01705,2021-11-28,consumer,North
CUST-01706,2020-08-15,consumer,Central
CUST-01707,2022-01-13,smb,East
CUST-01708,2024-03-10,consumer,East
CUST-01709,2021-07-11,consumer,West
CUST-01710,2020-03-26,consumer,South
CUST-01711,2022-05-30,consumer,East
CUST-01712,2021-01-13,enterprise,North
CUST-01713,2023-05-28,smb,North
CUST-01714,2020-06-27,consumer,East
CUST-01715,2021-03-19,enterprise,East
CUST-01716,2023-11-02,consumer,North
CUST-01717,2020-09-26,smb,East
CUST-01718,2022-05-27,consumer,West
CUST-01719,2020-04-17,consumer,West
CUST-01720,2020-03-13,consumer,East
CUST-01721,2020-02-27,consumer,North
CUST-01722,2022-09-29,enterprise,Central
CUST-01723,2019-10-17,consumer,West
CUST-01724,2020-08-21,consumer,West
CUST-01725,2019-03-27,smb,West
CUST-01726,2023-02-07,enterprise,North
CUST-01727,2020-08-08,consumer,East
CUST-01728,2021-04-26,consumer,West
CUST-01729,2021-05-30,consumer,South
CUST-01730,2021-12-18,smb,North
CUST-01731,2022-02-09,consumer,North
CUST-01732,2022-05-11,smb,North
CUST-01733,2024-10-27,smb,East
CUST-01734,2020-05-19,consumer,West
CUST-01735,2024-06-18,consumer,Central
CUST-01736,2020-11-02,consumer,West
CUST-01737,2021-01-12,smb,East
CUST-01738,2023-01-09,consumer,West
CUST-01739,2021-08-24,enterprise,Central
CUST-01740,2019-07-13,smb,South
CUST-01741,2019-03-31,smb,West
CUST-01742,2022-01-16,consumer,North
CUST-01743,2022-02-14,enterprise,Central
CUST-01744,2021-11-26,consumer,North
CUST-01745,2019-11-14,consumer,Central
CUST-01746,2023-10-18,consumer,North
CUST-01747,2019-08-28,consumer,Central
CUST-01748,2020-11-29,consumer,East
CUST-01749,2021-02-01,smb,East
CUST-01750,2021-09-02,consumer,North
CUST-01751,2024-11-07,smb,South
CUST-01752,2020-08-23,consumer,East
CUST-01753,2019-01-09,consumer,North
CUST-01754,2022-03-01,consumer,Central
CUST-01755,2022-10-20,smb,South
CUST-01756,2022-04-30,smb,South
CUST-01757,2022-01-27,consumer,East
CUST-01758,2020-08-15,consumer,Central
CUST-01759,2024-06-04,consumer,North
CUST-01760,2024-10-23,consumer,East
CUST-01761,2024-12-21,smb,Central
CUST-01762,2024-10-23,consumer,East
CUST-01763,2021-03-20,enterprise,West
CUST-01764,2021-06-06,smb,Central
CUST-01765,2019-06-19,consumer,West
CUST-01766,2021-05-03,enterprise,Central
CUST-01767,2024-11-15,consumer,Central
CUST-01768,2023-11-01,consumer,South
CUST-01769,2023-05-19,consumer,North
CUST-01770,2024-12-18,smb,East
CUST-01771,2019-12-08,smb,West
CUST-01772,2024-02-06,smb,West
CUST-01773,2021-07-09,enterprise,North
CUST-01774,2022-01-25,smb,North
CUST-01775,2022-05-07,consumer,North
CUST-01776,2020-06-10,consumer,East
CUST-01777,2021-09-29,consumer,East
CUST-01778,2021-10-27,consumer,Central
CUST-01779,2023-04-09,consumer,South
CUST-01780,2022-07-25,consumer,East
CUST-01781,2021-10-10,consumer,Central
CUST-01782,2024-03-05,smb,Central
CUST-01783,2024-08-05,consumer,North
CUST-01784,2023-01-23,consumer,North
CUST-01785,2019-11-18,consumer,North
CUST-01786,2024-03-19,smb,Central
CUST-01787,2022-05-22,consumer,East
CUST-01788,2019-07-28,consumer,North
CUST-01789,2023-09-24,consumer,North
CUST-01790,2022-12-29,smb,East
CUST-01791,2019-06-07,consumer,North
CUST-01792,2023-11-27,consumer,West
CUST-01793,2019-07-14,consumer,East
CUST-01794,2019-05-20,smb,East
CUST-01795,2023-04-21,consumer,Central
CUST-01796,2020-01-26,smb,South
CUST-01797,2023-05-16,consumer,Central
CUST-01798,2020-08-02,consumer,Central
CUST-01799,2022-06-12,enterprise,North
CUST-01800,2023-09-03,consumer,Central
CUST-01801,2024-02-01,enterprise,East
CUST-01802,2022-09-28,consumer,West
CUST-01803,2019-02-07,enterprise,West
CUST-01804,2020-05-30,enterprise,North
CUST-01805,2021-01-12,consumer,North
CUST-01806,2023-02-09,consumer,North
CUST-01807,2019-12-20,smb,South
CUST-01808,2019-05-01,consumer,South
CUST-01809,2024-10-06,consumer,North
CUST-01810,2023-01-31,smb,Central
CUST-01811,2024-10-28,consumer,North
CUST-01812,2022-12-06,smb,East
CUST-01813,2022-05-23,smb,South
CUST-01814,2019-06-08,smb,Central
CUST-01815,2019-12-06,consumer,East
CUST-01816,2021-02-15,consumer,North
CUST-01817,2021-10-23,consumer,West
CUST-01818,2020-12-04,consumer,West
CUST-01819,2020-07-19,consumer,South
CUST-01820,2019-03-01,consumer,East
CUST-01821,2022-07-08,consumer,North
CUST-01822,2023-01-04,consumer,South
CUST-01823,2022-09-19,consumer,Central
CUST-01824,2022-05-19,consumer,Central
CUST-01825,2024-05-23,consumer,West
CUST-01826,2020-01-14,smb,West
CUST-01827,2021-05-31,consumer,West
CUST-01828,2024-11-02,consumer,East
CUST-01829,2022-02-24,consumer,South
CUST-01830,2024-11-04,smb,East
CUST-01831,2022-09-06,smb,South
CUST-01832,2023-05-08,consumer,South
CUST-01833,2024-01-14,smb,North
CUST-01834,2020-07-06,smb,Central
CUST-01835,2020-05-28,smb,West
CUST-01836,2021-07-10,enterprise,West
CUST-01837,2022-04-09,consumer,Central
CUST-01838,2022-02-01,enterprise,South
CUST-01839,2020-01-06,consumer,Central
CUST-01840,2023-09-25,consumer,South
CUST-01841,2019-09-27,consumer,East
CUST-01842,2021-03-06,smb,East
CUST-01843,2020-07-06,consumer,East
CUST-01844,2024-07-28,enterprise,West
CUST-01845,2021-04-23,consumer,East
CUST-01846,2024-12-17,consumer,South
CUST-01847,2021-03-09,smb,Central
CUST-01848,2021-08-22,consumer,Central
CUST-01849,2019-07-11,consumer,South
CUST-01850,2021-05-19,consumer,South
CUST-01851,2022-06-23,enterprise,West
CUST-01852,2019-06-12,consumer,West
CUST-01853,2021-03-10,consumer,West
CUST-01854,2024-06-30,consumer,Central
CUST-01855,2022-02-06,consumer,East
CUST-01856,2019-01-14,smb,West
CUST-01857,2024-07-13,consumer,East
CUST-01858,2019-10-02,smb,North
CUST-01859,2020-01-07,smb,West
CUST-01860,2022-01-03,enterprise,Central
CUST-01861,2021-05-18,smb,North
CUST-01862,2021-12-08,consumer,East
CUST-01863,2019-11-12,consumer,South
CUST-01864,2023-05-14,consumer,East
CUST-01865,2023-12-06,consumer,North
CUST-01866,2023-12-15,consumer,North
CUST-01867,2024-07-17,consumer,North
CUST-01868,2022-03-09,consumer,North
CUST-01869,2023-07-06,consumer,Central
CUST-01870,2020-01-01,enterprise,North
CUST-01871,2019-05-25,consumer,West
CUST-01872,2022-07-05,consumer,North
CUST-01873,2020-06-21,consumer,South
CUST-01874,2023-08-31,consumer,North
CUST-01875,2022-09-28,consumer,North
CUST-01876,2023-11-06,smb,Central
CUST-01877,2019-05-14,consumer,West
CUST-01878,2024-03-09,consumer,South
CUST-01879,2021-08-05,enterprise,South
CUST-01880,2024-04-28,enterprise,East
CUST-01881,2020-06-10,enterprise,West
CUST-01882,2023-11-02,consumer,West
CUST-01883,2022-09-13,consumer,Central
CUST-01884,2019-03-16,consumer,North
CUST-01885,2023-02-04,smb,Central
CUST-01886,2020-06-14,consumer,East
CUST-01887,2022-05-03,consumer,South
CUST-01888,2022-06-11,consumer,East
CUST-01889,2024-09-18,consumer,Central
CUST-01890,2020-06-05,smb,East
CUST-01891,2019-06-25,consumer,East
CUST-01892,2022-02-19,smb,North
CUST-01893,2024-09-27,smb,South
CUST-01894,2019-08-12,consumer,South
CUST-01895,2022-04-23,consumer,North
CUST-01896,2020-04-26,smb,Central
CUST-01897,2019-06-29,enterprise,East
CUST-01898,2019-03-06,consumer,North
CUST-01899,2019-10-28,consumer,North
CUST-01900,2022-09-18,consumer,South
CUST-01901,2021-03-16,consumer,East
CUST-01902,2024-09-03,smb,Central
CUST-01903,2019-01-15,consumer,West
CUST-01904,2022-04-20,enterprise,Central
CUST-01905,2022-07-26,consumer,West
CUST-01906,2024-09-21,enterprise,West
CUST-01907,2024-01-19,enterprise,South
CUST-01908,2021-06-28,smb,North
CUST-01909,2022-06-27,smb,East
CUST-01910,2022-11-15,consumer,Central
CUST-01911,2021-07-02,consumer,West
CUST-01912,2024-11-09,enterprise,East
CUST-01913,2019-04-20,consumer,East
CUST-01914,2024-09-13,enterprise,Central
CUST-01915,2019-01-06,enterprise,West
CUST-01916,2021-03-25,consumer,West
CUST-01917,2020-03-02,consumer,North
CUST-01918,2022-03-18,consumer,South
CUST-01919,2019-08-19,consumer,East
CUST-01920,2020-08-24,consumer,Central
CUST-01921,2024-10-30,enterprise,North
CUST-01922,2022-07-24,consumer,Central
CUST-01923,2023-03-07,smb,South
CUST-01924,2024-07-28,consumer,North
CUST-01925,2022-11-01,consumer,West
CUST-01926,2019-08-13,consumer,South
CUST-01927,2020-07-07,smb,East
CUST-01928,2020-07-30,consumer,East
CUST-01929,2023-11-28,smb,East
CUST-01930,2024-03-01,consumer,North
CUST-01931,2023-02-26,consumer,East
CUST-01932,2019-04-13,consumer,East
CUST-01933,2021-11-23,smb,West
CUST-01934,2024-02-09,consumer,North
CUST-01935,2024-10-31,consumer,West
CUST-01936,2020-04-20,consumer,South
CUST-01937,2022-04-18,consumer,West
CUST-01938,2023-04-27,smb,East
CUST-01939,2022-11-07,consumer,North
CUST-01940,2022-12-06,consumer,Central
CUST-01941,2024-07-01,consumer,South
CUST-01942,2023-01-07,consumer,West
CUST-01943,2024-07-11,consumer,West
CUST-01944,2023-02-24,consumer,Central
CUST-01945,2020-10-21,consumer,South
CUST-01946,2021-12-03,consumer,North
CUST-01947,2023-11-17,consumer,Central
CUST-01948,2023-09-18,consumer,North
CUST-01949,2021-10-24,consumer,South
CUST-01950,2019-06-27,consumer,East
CUST-01951,2024-01-12,smb,West
CUST-01952,2019-03-07,smb,East
CUST-01953,2020-05-15,smb,South
CUST-01954,2021-06-06,consumer,North
CUST-01955,2023-10-23,consumer,South
CUST-01956,2021-03-25,smb,East
CUST-01957,2019-11-03,enterprise,South
CUST-01958,2020-07-13,enterprise,South
CUST-01959,2022-09-06,consumer,Central
CUST-01960,2019-12-23,smb,West
CUST-01961,2023-05-30,consumer,East
CUST-01962,2020-11-27,consumer,Central
CUST-01963,2024-08-05,consumer,North
CUST-01964,2019-02-10,consumer,North
CUST-01965,2023-09-13,smb,Central
CUST-01966,2024-07-20,consumer,West
CUST-01967,2019-11-19,consumer,West
CUST-01968,2022-07-20,consumer,West
CUST-01969,2023-06-15,smb,North
CUST-01970,2023-01-23,consumer,North
CUST-01971,2021-11-26,consumer,East
CUST-01972,2020-08-12,consumer,West
CUST-01973,2023-01-13,consumer,East
CUST-01974,2021-10-18,consumer,North
CUST-01975,2022-06-15,enterprise,South
CUST-01976,2019-04-26,smb,South
CUST-01977,2023-12-04,consumer,West
CUST-01978,2019-02-17,consumer,Central
CUST-01979,2019-09-16,consumer,West
CUST-01980,2024-11-16,consumer,South
CUST-01981,2023-12-03,enterprise,South
CUST-01982,2020-09-09,consumer,North
CUST-01983,2022-08-26,consumer,West
CUST-01984,2022-07-26,smb,West
CUST-01985,2020-12-30,enterprise,North
CUST-01986,2019-08-01,smb,North
CUST-01987,2024-04-23,enterprise,East
CUST-01988,2023-11-15,consumer,Central
CUST-01989,2020-09-04,consumer,West
CUST-01990,2022-06-15,consumer,East
CUST-01991,2024-07-14,smb,South
CUST-01992,2022-07-31,consumer,East
CUST-01993,2019-09-07,consumer,South
CUST-01994,2024-09-09,consumer,North
CUST-01995,2022-12-26,consumer,West
CUST-01996,2019-12-08,smb,North
CUST-01997,2023-10-16,smb,Central
CUST-01998,2021-04-28,smb,North
CUST-01999,2019-09-16,consumer,West
CUST-02000,2020-01-03,consumer,South
CUST-02001,2024-01-10,smb,West
CUST-02002,2019-12-19,consumer,Central
CUST-02003,2023-05-25,smb,East
CUST-02004,2021-09-18,consumer,West
CUST-02005,2020-11-20,smb,South
CUST-02006,2019-07-30,consumer,Central
CUST-02007,2019-06-15,consumer,East
CUST-02008,2020-11-06,smb,East
CUST-02009,2021-04-01,consumer,East
CUST-02010,2021-12-12,consumer,Central
CUST-02011,2020-09-22,smb,Central
CUST-02012,2019-08-21,consumer,East
CUST-02013,2022-10-23,consumer,West
CUST-02014,2020-03-12,enterprise,South
CUST-02015,2022-06-12,smb,Central
CUST-02016,2019-01-29,smb,West
CUST-02017,2024-08-15,smb,South
CUST-02018,2019-08-30,consumer,South
CUST-02019,2023-06-16,consumer,East
CUST-02020,2019-08-13,consumer,West
CUST-02021,2023-11-01,smb,West
CUST-02022,2023-12-31,consumer,Central
CUST-02023,2019-02-07,consumer,Central
CUST-02024,2020-12-10,smb,East
CUST-02025,2020-02-18,consumer,East
CUST-02026,2022-03-05,consumer,South
CUST-02027,2020-02-19,consumer,North
CUST-02028,2023-10-06,consumer,Central
CUST-02029,2021-12-23,smb,South
CUST-02030,2022-03-08,smb,North
CUST-02031,2021-10-05,smb,South
CUST-02032,2022-01-10,consumer,North
CUST-02033,2021-06-24,consumer,South
CUST-02034,2020-10-18,smb,Central
CUST-02035,2022-04-05,smb,North
CUST-02036,2022-06-17,consumer,Central
CUST-02037,2020-07-16,consumer,West
CUST-02038,2021-10-18,smb,East
CUST-02039,2023-05-23,smb,South
CUST-02040,2024-01-23,enterprise,South
CUST-02041,2023-09-10,consumer,East
CUST-02042,2023-08-10,consumer,North
CUST-02043,2019-04-13,enterprise,Central
CUST-02044,2020-12-03,enterprise,South
CUST-02045,2020-12-15,smb,South
CUST-02046,2022-10-07,consumer,South
CUST-02047,2021-08-23,consumer,North
CUST-02048,2022-01-23,consumer,Central
CUST-02049,2021-09-14,enterprise,Central
CUST-02050,2020-01-07,consumer,West
CUST-02051,2020-06-08,consumer,North
CUST-02052,2023-11-14,consumer,North
CUST-02053,2024-11-28,consumer,East
CUST-02054,2023-02-13,consumer,West
CUST-02055,2020-05-10,smb,East
CUST-02056,2020-10-09,consumer,West
CUST-02057,2020-06-11,consumer,West
CUST-02058,2024-12-30,consumer,Central
CUST-02059,2019-05-14,smb,West
CUST-02060,2019-12-18,smb,North
CUST-02061,2019-10-03,consumer,South
CUST-02062,2023-12-21,smb,North
CUST-02063,2020-01-15,consumer,South
CUST-02064,2024-10-17,smb,South
CUST-02065,2019-03-31,smb,West
CUST-02066,2023-05-20,smb,South
CUST-02067,2024-01-09,enterprise,East
CUST-02068,2019-09-14,consumer,West
CUST-02069,2024-12-16,consumer,West
CUST-02070,2023-04-29,consumer,South
CUST-02071,2022-04-23,smb,East
CUST-02072,2021-11-04,enterprise,East
CUST-02073,2023-06-12,consumer,North
CUST-02074,2021-04-19,smb,West
CUST-02075,2019-06-15,consumer,South
CUST-02076,2024-02-22,consumer,Central
CUST-02077,2021-01-28,consumer,South
CUST-02078,2024-06-14,consumer,East
CUST-02079,2019-02-10,consumer,South
CUST-02080,2022-08-20,smb,Central
CUST-02081,2022-12-07,consumer,South
CUST-02082,2020-11-25,consumer,Central
CUST-02083,2022-11-23,smb,West
CUST-02084,2020-11-25,consumer,Central
CUST-02085,2024-06-29,enterprise,East
CUST-02086,2024-08-15,consumer,East
CUST-02087,2024-01-02,smb,Central
CUST-02088,2024-04-03,consumer,South
CUST-02089,2024-07-17,consumer,South
CUST-02090,2024-09-12,enterprise,North
CUST-02091,2023-05-10,consumer,South
CUST-02092,2023-08-24,consumer,North
CUST-02093,2023-05-17,consumer,South
CUST-02094,2023-07-13,smb,West
CUST-02095,2023-04-21,consumer,Central
CUST-02096,2023-10-10,smb,East
CUST-02097,2023-12-08,smb,Central
CUST-02098,2021-12-29,consumer,South
CUST-02099,2022-10-28,enterprise,South
CUST-02100,2022-06-03,consumer,West
CUST-02101,2022-02-08,smb,North
CUST-02102,2021-09-27,consumer,North
CUST-02103,2022-11-29,consumer,South
CUST-02104,2023-06-12,consumer,West
CUST-02105,2022-02-11,enterprise,East
CUST-02106,2021-05-29,consumer,South
CUST-02107,2023-05-17,smb,West
CUST-02108,2024-03-25,consumer,West
CUST-02109,2023-01-16,consumer,North
CUST-02110,2019-06-06,consumer,South
CUST-02111,2023-03-07,consumer,West
CUST-02112,2019-09-25,consumer,Central
CUST-02113,2024-10-20,consumer,Central
CUST-02114,2023-04-19,smb,West
CUST-02115,2022-11-20,consumer,South
CUST-02116,2024-01-23,consumer,North
CUST-02117,2021-03-13,consumer,South
CUST-02118,2021-05-09,smb,East
CUST-02119,2021-02-27,consumer,North
CUST-02120,2019-03-28,smb,North
CUST-02121,2020-06-08,consumer,West
CUST-02122,2021-06-15,smb,South
CUST-02123,2019-05-08,enterprise,East
CUST-02124,2019-09-05,consumer,North
CUST-02125,2022-04-12,consumer,South
CUST-02126,2021-12-29,enterprise,West
CUST-02127,2022-10-09,consumer,East
CUST-02128,2019-05-23,consumer,South
CUST-02129,2023-01-15,consumer,North
CUST-02130,2023-06-02,smb,South
CUST-02131,2023-03-12,consumer,Central
CUST-02132,2021-12-13,consumer,East
CUST-02133,2023-09-25,consumer,Central
CUST-02134,2021-08-10,smb,Central
CUST-02135,2023-08-16,smb,South
CUST-02136,2024-01-30,consumer,West
CUST-02137,2023-03-05,smb,South
CUST-02138,2021-11-21,smb,North
CUST-02139,2024-12-03,smb,South
CUST-02140,2022-06-14,enterprise,South
CUST-02141,2024-09-27,smb,East
CUST-02142,2024-11-06,consumer,North
CUST-02143,2021-10-29,smb,North
CUST-02144,2022-04-13,smb,Central
CUST-02145,2020-08-02,consumer,Central
CUST-02146,2024-02-22,consumer,West
CUST-02147,2019-03-01,consumer,South
CUST-02148,2020-11-08,consumer,South
CUST-02149,2022-01-31,smb,Central
CUST-02150,2021-01-27,consumer,North
CUST-02151,2022-10-17,smb,East
CUST-02152,2020-03-12,consumer,East
CUST-02153,2022-08-19,consumer,North
CUST-02154,2019-04-04,consumer,East
CUST-02155,2023-04-24,consumer,South
CUST-02156,2019-10-01,smb,North
CUST-02157,2023-01-24,consumer,West
CUST-02158,2023-07-03,consumer,Central
CUST-02159,2023-09-12,consumer,North
CUST-02160,2023-01-24,consumer,North
CUST-02161,2022-05-01,smb,West
CUST-02162,2022-02-04,enterprise,North
CUST-02163,2022-05-14,consumer,Central
CUST-02164,2024-01-14,consumer,South
CUST-02165,2020-09-08,smb,East
CUST-02166,2021-12-04,consumer,North
CUST-02167,2024-02-12,consumer,East
CUST-02168,2023-10-11,consumer,West
CUST-02169,2022-03-04,consumer,South
CUST-02170,2023-02-08,consumer,North
CUST-02171,2024-07-02,smb,South
CUST-02172,2022-02-08,consumer,North
CUST-02173,2019-10-21,consumer,East
CUST-02174,2024-05-24,consumer,West
CUST-02175,2024-11-16,enterprise,West
CUST-02176,2024-01-06,consumer,South
CUST-02177,2023-10-06,consumer,East
CUST-02178,2023-09-13,consumer,West
CUST-02179,2020-07-21,consumer,Central
CUST-02180,2021-06-18,enterprise,Central
CUST-02181,2020-02-11,consumer,South
CUST-02182,2024-03-07,smb,Central
CUST-02183,2022-06-27,consumer,West
CUST-02184,2021-05-11,smb,West
CUST-02185,2020-05-30,consumer,South
CUST-02186,2019-06-11,enterprise,South
CUST-02187,2022-05-13,enterprise,South
CUST-02188,2021-01-20,enterprise,East
CUST-02189,2024-04-03,smb,West
CUST-02190,2024-09-05,enterprise,West
CUST-02191,2023-11-15,smb,North
CUST-02192,2021-03-22,consumer,Central
CUST-02193,2022-02-15,smb,Central
CUST-02194,2024-07-20,smb,Central
CUST-02195,2023-05-10,consumer,East
CUST-02196,2024-08-24,smb,East
CUST-02197,2019-08-24,consumer,Central
CUST-02198,2019-02-17,consumer,North
CUST-02199,2020-01-07,smb,Central
CUST-02200,2024-03-03,consumer,Central
CUST-02201,2021-02-25,consumer,West
CUST-02202,2022-02-03,consumer,West
CUST-02203,2024-07-07,enterprise,South
CUST-02204,2019-05-07,consumer,West
CUST-02205,2022-05-14,consumer,North
CUST-02206,2021-12-19,smb,West
CUST-02207,2023-10-08,smb,West
CUST-02208,2023-09-16,enterprise,Central
CUST-02209,2024-10-08,smb,South
CUST-02210,2022-07-11,smb,North
CUST-02211,2020-05-19,smb,South
CUST-02212,2020-11-14,consumer,East
CUST-02213,2020-07-08,consumer,South
CUST-02214,2019-11-20,smb,East
CUST-02215,2023-12-27,consumer,South
CUST-02216,2024-09-29,consumer,West
CUST-02217,2024-08-07,smb,East
CUST-02218,2022-02-20,enterprise,East
CUST-02219,2023-12-11,consumer,North
CUST-02220,2023-07-09,consumer,West
CUST-02221,2020-02-09,smb,Central
CUST-02222,2022-12-05,consumer,Central
CUST-02223,2021-12-24,consumer,North
CUST-02224,2023-07-24,smb,North
CUST-02225,2021-11-19,consumer,West
CUST-02226,2019-01-01,consumer,East
CUST-02227,2020-04-27,consumer,Central
CUST-02228,2021-06-14,enterprise,West
CUST-02229,2022-07-06,consumer,South
CUST-02230,2021-08-24,smb,South
CUST-02231,2019-05-15,smb,South
CUST-02232,2024-09-08,smb,Central
CUST-02233,2022-09-05,consumer,East
CUST-02234,2020-11-18,consumer,West
CUST-02235,2022-08-30,smb,North
CUST-02236,2022-11-08,smb,North
CUST-02237,2019-11-22,consumer,West
CUST-02238,2019-07-10,smb,South
CUST-02239,2023-09-30,smb,South
CUST-02240,2021-09-15,enterprise,South
CUST-02241,2022-11-04,consumer,North
CUST-02242,2020-05-11,consumer,West
CUST-02243,2023-05-09,smb,South
CUST-02244,2023-09-23,smb,South
CUST-02245,2022-07-20,enterprise,East
CUST-02246,2024-02-14,consumer,North
CUST-02247,2020-05-25,smb,East
CUST-02248,2023-06-09,consumer,South
CUST-02249,2022-08-08,smb,South
CUST-02250,2019-11-28,consumer,Central
CUST-02251,2020-07-09,enterprise,South
CUST-02252,2023-03-04,consumer,East
CUST-02253,2024-02-07,smb,Central
CUST-02254,2023-03-10,consumer,Central
CUST-02255,2021-07-30,smb,East
CUST-02256,2023-09-12,consumer,East
CUST-02257,2022-04-23,consumer,East
CUST-02258,2022-09-29,smb,West
CUST-02259,2022-09-21,consumer,East
CUST-02260,2024-05-08,smb,North
CUST-02261,2022-02-10,consumer,Central
CUST-02262,2022-02-04,smb,East
CUST-02263,2022-04-18,consumer,West
CUST-02264,2019-06-04,smb,North
CUST-02265,2023-06-07,consumer,East
CUST-02266,2022-12-01,consumer,North
CUST-02267,2020-07-24,enterprise,East
CUST-02268,2019-11-04,enterprise,South
CUST-02269,2019-04-22,smb,West
CUST-02270,2023-12-10,consumer,North
CUST-02271,2023-02-05,consumer,South
CUST-02272,2024-02-05,smb,East
CUST-02273,2020-04-11,consumer,North
CUST-02274,2019-12-23,consumer,South
CUST-02275,2019-07-03,consumer,North
CUST-02276,2021-10-26,enterprise,South
CUST-02277,2021-11-02,smb,South
CUST-02278,2019-06-08,consumer,East
CUST-02279,2021-08-30,consumer,North
CUST-02280,2021-12-13,consumer,North
CUST-02281,2020-03-04,consumer,West
CUST-02282,2020-08-17,consumer,Central
CUST-02283,2023-11-25,consumer,South
CUST-02284,2023-10-29,consumer,South
CUST-02285,2021-12-01,enterprise,South
CUST-02286,2020-07-11,consumer,Central
CUST-02287,2023-05-22,consumer,East
CUST-02288,2020-10-29,consumer,West
CUST-02289,2022-06-26,enterprise,East
CUST-02290,2021-02-13,consumer,South
CUST-02291,2024-10-27,smb,Central
CUST-02292,2020-01-10,smb,North
CUST-02293,2022-01-02,consumer,West
CUST-02294,2021-05-24,enterprise,Central
CUST-02295,2019-10-25,enterprise,South
CUST-02296,2019-01-24,consumer,South
CUST-02297,2020-08-16,consumer,North
CUST-02298,2021-06-30,consumer,West
CUST-02299,2022-11-10,consumer,South
CUST-02300,2021-08-28,smb,West
CUST-02301,2019-07-26,consumer,South
CUST-02302,2021-03-17,consumer,East
CUST-02303,2020-04-29,consumer,South
CUST-02304,2024-01-19,consumer,North
CUST-02305,2020-12-15,consumer,North
CUST-02306,2021-09-24,consumer,Central
CUST-02307,2019-10-08,consumer,North
CUST-02308,2021-10-18,enterprise,North
CUST-02309,2022-08-01,smb,North
CUST-02310,2024-03-21,consumer,South
CUST-02311,2020-08-27,consumer,South
CUST-02312,2024-07-26,consumer,South
CUST-02313,2021-08-06,smb,Central
CUST-02314,2021-09-10,smb,Central
CUST-02315,2022-04-17,consumer,West
CUST-02316,2021-04-28,consumer,South
CUST-02317,2020-12-26,consumer,East
CUST-02318,2022-06-29,consumer,North
CUST-02319,2022-10-12,consumer,South
CUST-02320,2019-08-12,consumer,Central
CUST-02321,2023-06-06,consumer,North
CUST-02322,2022-06-20,consumer,Central
CUST-02323,2020-07-14,consumer,North
CUST-02324,2020-08-31,smb,West
CUST-02325,2023-01-25,consumer,North
CUST-02326,2019-12-12,consumer,East
CUST-02327,2024-07-11,consumer,West
CUST-02328,2020-04-29,smb,North
CUST-02329,2020-07-19,consumer,East
CUST-02330,2021-08-18,consumer,North
CUST-02331,2019-10-05,enterprise,North
CUST-02332,2022-02-05,consumer,South
CUST-02333,2023-11-22,consumer,East
CUST-02334,2021-01-30,consumer,East
CUST-02335,2022-06-06,enterprise,East
CUST-02336,2024-05-29,consumer,West
CUST-02337,2023-04-01,smb,East
CUST-02338,2023-04-15,consumer,East
CUST-02339,2023-06-15,consumer,East
CUST-02340,2021-03-11,consumer,North
CUST-02341,2020-03-14,consumer,North
CUST-02342,2024-03-27,consumer,South
CUST-02343,2020-05-28,consumer,East
CUST-02344,2019-02-19,smb,East
CUST-02345,2020-02-17,enterprise,Central
CUST-02346,2021-04-26,consumer,Central
CUST-02347,2024-04-30,smb,North
CUST-02348,2022-03-14,smb,South
CUST-02349,2022-03-11,enterprise,West
CUST-02350,2020-08-05,consumer,East
CUST-02351,2021-08-17,consumer,East
CUST-02352,2024-10-23,enterprise,South
CUST-02353,2019-07-10,consumer,North
CUST-02354,2020-11-28,smb,West
CUST-02355,2023-11-01,consumer,Central
CUST-02356,2021-12-04,consumer,Central
CUST-02357,2021-06-15,consumer,Central
CUST-02358,2019-09-03,smb,Central
CUST-02359,2021-03-28,smb,East
CUST-02360,2022-11-04,enterprise,North
CUST-02361,2020-12-27,consumer,North
CUST-02362,2022-11-30,smb,West
CUST-02363,2020-06-15,consumer,Central
CUST-02364,2021-05-30,consumer,South
CUST-02365,2022-04-11,consumer,North
CUST-02366,2022-09-13,consumer,East
CUST-02367,2024-08-31,consumer,West
CUST-02368,2019-03-15,smb,North
CUST-02369,2021-09-29,consumer,West
CUST-02370,2020-02-11,smb,South
CUST-02371,2021-08-23,consumer,East
CUST-02372,2022-05-11,consumer,East
CUST-02373,2022-05-24,consumer,Central
CUST-02374,2023-07-13,consumer,North
CUST-02375,2023-12-16,consumer,West
CUST-02376,2024-09-14,enterprise,West
CUST-02377,2023-07-14,consumer,Central
CUST-02378,2022-05-23,consumer,North
CUST-02379,2020-01-29,smb,West
CUST-02380,2022-06-13,consumer,North
CUST-02381,2024-02-02,smb,West
CUST-02382,2020-05-07,enterprise,East
CUST-02383,2021-10-21,smb,East
CUST-02384,2020-09-04,consumer,South
CUST-02385,2022-06-11,consumer,Central
CUST-02386,2021-05-31,smb,South
CUST-02387,2019-07-02,smb,West
CUST-02388,2024-08-21,enterprise,North
CUST-02389,2019-05-06,consumer,Central
CUST-02390,2019-07-12,smb,South
CUST-02391,2019-02-26,consumer,South
CUST-02392,2020-03-27,enterprise,Central
CUST-02393,2023-12-31,enterprise,East
CUST-02394,2019-07-16,smb,North
CUST-02395,2024-07-15,consumer,East
CUST-02396,2022-08-26,consumer,North
CUST-02397,2023-06-08,consumer,North
CUST-02398,2020-05-16,consumer,Central
CUST-02399,2019-08-20,consumer,East
CUST-02400,2022-04-03,smb,West
